rally,ball_round,time,frame_num,roundscore_A,roundscore_B,player,server,type,aroundhead,backhand,hit_height,hit_area,hit_x,hit_y,landing_height,landing_area,landing_x,landing_y,lose_reason,win_reason,getpoint_player,flaw,player_location_area,player_location_x,player_location_y,opponent_location_area,opponent_location_x,opponent_location_y,db
1,1.0,00:06:33,11816.0,1,0,B,1,發短球,,1.0,2.0,,,,1.0,8.0,597.0,380.0,,,,,8.0,655.0,541.0,8.0,573.0,357.0,0
1,2.0,00:06:34,11837.0,1,0,A,2,放小球,,1.0,1.0,8.0,597.0,380.0,2.0,2.0,444.0,478.0,,,,,8.0,592.0,379.0,8.0,651.0,534.0,0
1,3.0,00:06:35,11863.0,1,0,B,3,挑球,,1.0,2.0,2.0,444.0,478.0,2.0,13.0,789.0,301.0,出界,對手出界,A,,8.0,521.0,508.0,8.0,608.0,369.0,0
2,1.0,00:06:53,12399.0,1,1,A,1,發短球,,1.0,2.0,,,,1.0,7.0,577.0,487.0,,,,,8.0,652.0,372.0,8.0,545.0,534.0,0
2,2.0,00:06:53,12411.0,1,1,B,2,平球,,,1.0,7.0,577.0,487.0,1.0,8.0,537.0,355.0,,,,,7.0,559.0,496.0,8.0,647.0,360.0,0
2,3.0,00:06:54,12421.0,1,1,A,2,平球,,,1.0,8.0,537.0,355.0,1.0,6.0,433.0,520.0,,,,,8.0,609.0,365.0,8.0,560.0,511.0,0
2,4.0,00:06:54,12434.0,1,1,B,2,擋小球,,1.0,1.0,6.0,433.0,520.0,2.0,5.0,484.0,388.0,,,,,8.0,540.0,540.0,8.0,598.0,372.0,0
2,5.0,00:06:55,12458.0,1,1,A,2,推球,,,2.0,5.0,484.0,388.0,1.0,6.0,423.0,567.0,,,,,8.0,550.0,370.0,8.0,558.0,555.0,0
2,6.0,00:06:56,12482.0,1,1,B,2,殺球,1.0,,1.0,6.0,423.0,567.0,2.0,8.0,695.0,348.0,,,,,8.0,531.0,565.0,8.0,589.0,356.0,0
2,7.0,00:06:56,12495.0,1,1,A,2,擋小球,,1.0,2.0,8.0,695.0,348.0,2.0,7.0,675.0,506.0,,,,,8.0,615.0,349.0,8.0,517.0,574.0,0
2,8.0,00:06:57,12521.0,1,1,B,2,放小球,,,2.0,7.0,675.0,506.0,2.0,7.0,640.0,400.0,,,,,8.0,639.0,538.0,8.0,642.0,344.0,0
2,9.0,00:06:58,12548.0,1,1,A,2,推球,,1.0,2.0,7.0,640.0,400.0,1.0,6.0,446.0,589.0,,,,,7.0,600.0,394.0,8.0,620.0,540.0,0
2,10.0,00:06:59,12578.0,1,1,B,2,殺球,,1.0,1.0,6.0,446.0,589.0,2.0,5.0,491.0,350.0,,,,,8.0,517.0,586.0,8.0,611.0,359.0,0
2,11.0,00:06:59,12590.0,1,1,A,3,擋小球,,,2.0,5.0,491.0,350.0,2.0,2.0,488.0,450.0,掛網,對手掛網,B,,8.0,597.0,359.0,8.0,509.0,595.0,0
3,1.0,00:07:13,12999.0,2,1,B,1,未知球種,,,2.0,,,,2.0,,,,,,,1.0,,,,,,,0
3,2.0,00:07:14,13033.0,2,1,A,2,挑球,,1.0,2.0,,,,1.0,8.0,789.0,602.0,,,,,8.0,694.0,385.0,8.0,639.0,539.0,0
3,3.0,00:07:15,13061.0,2,1,B,3,點扣,,,1.0,8.0,789.0,602.0,2.0,7.0,642.0,461.0,未過網,對手未過網,A,,8.0,766.0,605.0,8.0,627.0,359.0,0
4,1.0,00:07:26,13390.0,3,1,A,1,未知球種,,,2.0,,,,2.0,,,,,,,1.0,,,,,,,0
4,2.0,00:07:26,13399.0,3,1,B,2,挑球,,,2.0,,,,1.0,4.0,763.0,317.0,,,,,7.0,704.0,504.0,8.0,631.0,370.0,0
4,3.0,00:07:27,13435.0,3,1,A,2,過渡切球,,1.0,1.0,4.0,763.0,317.0,2.0,5.0,796.0,519.0,,,,,8.0,733.0,327.0,8.0,707.0,566.0,0
4,4.0,00:07:28,13454.0,3,1,B,2,勾球,,,2.0,5.0,796.0,519.0,2.0,7.0,522.0,396.0,,,,,8.0,766.0,543.0,8.0,656.0,347.0,0
4,5.0,00:07:29,13480.0,3,1,A,2,放小球,,,2.0,7.0,522.0,396.0,2.0,7.0,574.0,464.0,,,,,7.0,564.0,396.0,8.0,653.0,540.0,0
4,6.0,00:07:30,13503.0,3,1,B,2,放小球,,1.0,2.0,7.0,574.0,464.0,2.0,1.0,435.0,426.0,,,,,7.0,577.0,490.0,8.0,588.0,386.0,0
4,7.0,00:07:31,13530.0,3,1,A,2,挑球,,,2.0,1.0,435.0,426.0,1.0,3.0,834.0,635.0,,,,,1.0,487.0,427.0,7.0,587.0,507.0,0
4,8.0,00:07:32,13576.0,3,1,B,2,過渡切球,,,1.0,3.0,834.0,635.0,2.0,1.0,456.0,403.0,,,,,9.0,766.0,641.0,8.0,618.0,374.0,0
4,9.0,00:07:33,13609.0,3,1,A,2,放小球,,,2.0,1.0,456.0,403.0,2.0,2.0,442.0,468.0,,,,,5.0,493.0,389.0,8.0,610.0,558.0,0
4,10.0,00:07:34,13640.0,3,1,B,2,放小球,,1.0,2.0,2.0,442.0,468.0,2.0,1.0,438.0,433.0,,,,,2.0,472.0,501.0,7.0,529.0,393.0,0
4,11.0,00:07:35,13665.0,3,1,A,3,挑球,,,2.0,1.0,438.0,433.0,2.0,9.0,781.0,648.0,對手落地致勝,落地致勝,A,,1.0,490.0,433.0,7.0,514.0,502.0,0
5,1.0,00:07:52,14182.0,4,1,A,1,未知球種,,,2.0,,,,2.0,,,,,,,1.0,,,,,,,0
5,2.0,00:07:52,14187.0,4,1,B,2,挑球,,,2.0,,,,1.0,9.0,737.0,322.0,,,,,8.0,570.0,511.0,8.0,623.0,368.0,0
5,3.0,00:07:54,14224.0,4,1,A,2,切球,1.0,,1.0,9.0,737.0,322.0,2.0,8.0,778.0,525.0,,,,,8.0,701.0,326.0,8.0,655.0,556.0,0
5,4.0,00:07:54,14240.0,4,1,B,2,平球,,,2.0,8.0,778.0,525.0,2.0,6.0,792.0,349.0,,,,,8.0,742.0,557.0,9.0,718.0,324.0,0
5,5.0,00:07:55,14257.0,4,1,A,2,擋小球,,1.0,2.0,6.0,792.0,349.0,2.0,1.0,788.0,495.0,,,,,8.0,647.0,344.0,8.0,762.0,557.0,0
5,6.0,00:07:56,14282.0,4,1,B,2,推球,,,2.0,1.0,788.0,495.0,1.0,5.0,505.0,330.0,,,,,8.0,749.0,517.0,8.0,666.0,371.0,0
5,7.0,00:07:57,14313.0,4,1,A,2,後場抽平球,,,1.0,5.0,505.0,330.0,2.0,6.0,444.0,563.0,,,,,8.0,528.0,329.0,8.0,651.0,545.0,0
5,8.0,00:07:57,14326.0,4,1,B,2,擋小球,,1.0,2.0,6.0,444.0,563.0,1.0,7.0,526.0,401.0,,,,,8.0,665.0,560.0,8.0,547.0,346.0,0
5,9.0,00:07:58,14349.0,4,1,A,2,平球,,,1.0,7.0,526.0,401.0,2.0,8.0,592.0,553.0,,,,,7.0,526.0,395.0,8.0,627.0,566.0,0
5,10.0,00:07:58,14360.0,4,1,B,2,防守回抽,,1.0,2.0,8.0,592.0,553.0,2.0,8.0,724.0,333.0,,,,,8.0,632.0,569.0,7.0,532.0,392.0,0
5,11.0,00:07:59,14389.0,4,1,A,2,過渡切球,,1.0,2.0,8.0,724.0,333.0,2.0,1.0,818.0,464.0,,,,,8.0,729.0,344.0,8.0,660.0,557.0,0
5,12.0,00:08:00,14420.0,4,1,B,2,勾球,,,2.0,1.0,818.0,464.0,2.0,7.0,514.0,427.0,,,,,8.0,777.0,513.0,8.0,677.0,360.0,0
5,13.0,00:08:01,14447.0,4,1,A,2,推球,,,2.0,7.0,514.0,427.0,2.0,9.0,770.0,618.0,,,,,7.0,567.0,420.0,16.0,939.0,471.0,0
5,14.0,00:08:03,14492.0,4,1,B,2,過渡切球,,,2.0,9.0,770.0,618.0,2.0,2.0,799.0,405.0,,,,,9.0,675.0,631.0,8.0,611.0,372.0,0
5,15.0,00:08:04,14521.0,4,1,A,2,挑球,,1.0,2.0,2.0,799.0,405.0,1.0,8.0,750.0,585.0,,,,,7.0,760.0,400.0,8.0,699.0,553.0,0
5,16.0,00:08:05,14551.0,4,1,B,3,點扣,,,1.0,8.0,750.0,585.0,2.0,14.0,408.0,322.0,出界,對手出界,A,,8.0,702.0,604.0,8.0,669.0,372.0,0
6,1.0,00:08:21,15040.0,4,2,A,1,未知球種,,,2.0,,,,,,,,,,,1.0,,,,,,,0
6,2.0,00:08:21,15040.0,4,2,B,2,未知球種,,,2.0,,,,1.0,,,,,,,1.0,,,,,,,0
6,3.0,00:08:21,15045.0,4,2,A,2,過渡切球,,,1.0,,,,2.0,1.0,816.0,497.0,,,,,9.0,527.0,321.0,8.0,644.0,545.0,0
6,4.0,00:08:22,15071.0,4,2,B,2,挑球,,,2.0,1.0,816.0,497.0,1.0,4.0,768.0,325.0,,,,,8.0,756.0,523.0,8.0,595.0,338.0,0
6,5.0,00:08:23,15103.0,4,2,A,2,點扣,1.0,,1.0,4.0,768.0,325.0,2.0,5.0,840.0,565.0,,,,,8.0,707.0,336.0,8.0,717.0,563.0,0
6,6.0,00:08:23,15115.0,4,2,B,2,擋小球,,,2.0,5.0,840.0,565.0,2.0,8.0,519.0,384.0,,,,,8.0,749.0,571.0,8.0,714.0,326.0,0
6,7.0,00:08:24,15142.0,4,2,A,3,放小球,,,2.0,8.0,519.0,384.0,2.0,16.0,366.0,428.0,未過網,對手未過網,B,,8.0,557.0,381.0,8.0,650.0,537.0,0
7,1.0,00:08:49,15891.0,5,2,B,1,發短球,,1.0,2.0,,,,2.0,7.0,576.0,394.0,,,,,8.0,645.0,522.0,8.0,567.0,362.0,0
7,2.0,00:08:50,15914.0,5,2,A,2,放小球,,,2.0,7.0,576.0,394.0,2.0,7.0,648.0,493.0,,,,,8.0,577.0,388.0,8.0,646.0,532.0,0
7,3.0,00:08:51,15938.0,5,2,B,2,挑球,,,2.0,7.0,648.0,493.0,1.0,3.0,524.0,316.0,,,,,8.0,623.0,515.0,8.0,609.0,377.0,0
7,4.0,00:08:52,15980.0,5,2,A,2,點扣,,,1.0,3.0,524.0,316.0,2.0,5.0,820.0,544.0,,,,,9.0,527.0,319.0,8.0,653.0,552.0,0
7,5.0,00:08:53,15994.0,5,2,B,2,擋小球,,,2.0,5.0,820.0,544.0,2.0,6.0,767.0,376.0,,,,,8.0,704.0,564.0,3.0,477.0,314.0,0
7,6.0,00:08:54,16023.0,5,2,A,2,平球,,1.0,2.0,6.0,767.0,376.0,1.0,5.0,820.0,540.0,,,,,8.0,727.0,377.0,8.0,779.0,549.0,0
7,7.0,00:08:54,16036.0,5,2,B,2,平球,,,1.0,5.0,820.0,540.0,1.0,6.0,820.0,344.0,,,,,8.0,751.0,543.0,8.0,694.0,375.0,0
7,8.0,00:08:55,16050.0,5,2,A,2,平球,,1.0,1.0,6.0,820.0,344.0,1.0,5.0,826.0,545.0,,,,,8.0,650.0,371.0,5.0,791.0,548.0,0
7,9.0,00:08:55,16068.0,5,2,B,2,放小球,,,1.0,5.0,826.0,545.0,2.0,2.0,813.0,398.0,,,,,5.0,795.0,573.0,8.0,682.0,383.0,0
7,10.0,00:08:56,16095.0,5,2,A,2,放小球,,1.0,2.0,2.0,813.0,398.0,2.0,1.0,801.0,470.0,,,,,6.0,783.0,390.0,8.0,725.0,541.0,0
7,11.0,00:08:57,16125.0,5,2,B,2,推球,,,2.0,1.0,801.0,470.0,2.0,3.0,521.0,325.0,,,,,7.0,778.0,498.0,8.0,697.0,390.0,0
7,12.0,00:08:58,16160.0,5,2,A,2,後場抽平球,,,2.0,3.0,521.0,325.0,1.0,6.0,427.0,551.0,,,,,8.0,566.0,341.0,8.0,674.0,557.0,0
7,13.0,00:08:59,16176.0,5,2,B,2,擋小球,,1.0,1.0,6.0,427.0,551.0,1.0,5.0,507.0,387.0,,,,,8.0,660.0,558.0,8.0,576.0,342.0,0
7,14.0,00:08:59,16198.0,5,2,A,2,撲球,,,1.0,5.0,507.0,387.0,2.0,8.0,598.0,552.0,,,,,8.0,523.0,390.0,8.0,609.0,558.0,0
7,15.0,00:09:00,16207.0,5,2,B,2,擋小球,,1.0,2.0,8.0,598.0,552.0,1.0,8.0,678.0,374.0,,,,,8.0,667.0,577.0,8.0,528.0,386.0,0
7,16.0,00:09:00,16226.0,5,2,A,2,放小球,,1.0,1.0,8.0,678.0,374.0,2.0,2.0,439.0,503.0,,,,,8.0,601.0,373.0,8.0,663.0,581.0,0
7,17.0,00:09:01,16249.0,5,2,B,2,挑球,,1.0,2.0,2.0,439.0,503.0,1.0,9.0,695.0,320.0,,,,,6.0,490.0,534.0,8.0,648.0,368.0,0
7,18.0,00:09:02,16288.0,5,2,A,2,長球,1.0,,1.0,9.0,695.0,320.0,1.0,9.0,507.0,622.0,,,,,8.0,669.0,326.0,8.0,624.0,561.0,0
7,19.0,00:09:04,16327.0,5,2,B,3,切球,1.0,,1.0,9.0,507.0,622.0,2.0,7.0,720.0,451.0,掛網,對手掛網,A,,8.0,558.0,611.0,8.0,618.0,351.0,0
8,1.0,00:09:22,16864.0,5,3,A,1,發短球,,1.0,2.0,,,,2.0,7.0,626.0,506.0,,,,,8.0,663.0,366.0,8.0,551.0,539.0,0
8,2.0,00:09:22,16884.0,5,3,B,2,勾球,,,2.0,7.0,626.0,506.0,2.0,2.0,830.0,404.0,,,,,8.0,568.0,522.0,8.0,655.0,362.0,0
8,3.0,00:09:23,16917.0,5,3,A,2,挑球,,1.0,2.0,2.0,830.0,404.0,1.0,6.0,449.0,596.0,,,,,8.0,726.0,391.0,8.0,653.0,533.0,0
8,4.0,00:09:25,16953.0,5,3,B,3,殺球,1.0,,1.0,6.0,449.0,596.0,2.0,6.0,835.0,352.0,對手落地致勝,落地致勝,B,,9.0,514.0,621.0,8.0,632.0,352.0,0
9,1.0,00:09:41,17434.0,6,3,B,1,發短球,,1.0,2.0,,,,2.0,8.0,737.0,386.0,,,,,8.0,620.0,545.0,8.0,730.0,361.0,0
9,2.0,00:09:41,17456.0,6,3,A,2,推球,,1.0,2.0,8.0,737.0,386.0,1.0,3.0,884.0,636.0,,,,,8.0,713.0,371.0,8.0,620.0,535.0,0
9,3.0,00:09:43,17494.0,6,3,B,2,過渡切球,,,1.0,3.0,884.0,636.0,2.0,6.0,816.0,372.0,,,,,8.0,771.0,610.0,8.0,679.0,361.0,0
9,4.0,00:09:43,17517.0,6,3,A,2,推球,,1.0,2.0,6.0,816.0,372.0,1.0,5.0,870.0,607.0,,,,,8.0,739.0,363.0,8.0,718.0,584.0,0
9,5.0,00:09:44,17542.0,6,3,B,2,殺球,,,1.0,5.0,870.0,607.0,2.0,8.0,543.0,343.0,,,,,8.0,758.0,595.0,8.0,692.0,358.0,0
9,6.0,00:09:45,17572.0,6,3,A,2,擋小球,,,2.0,8.0,543.0,343.0,2.0,7.0,525.0,502.0,,,,,8.0,584.0,368.0,8.0,696.0,560.0,0
9,7.0,00:09:45,17572.0,6,3,B,2,挑球,,1.0,2.0,7.0,525.0,502.0,1.0,4.0,758.0,315.0,,,,,8.0,582.0,529.0,8.0,606.0,348.0,0
9,8.0,00:09:47,17622.0,6,3,A,2,點扣,1.0,,1.0,4.0,758.0,315.0,2.0,6.0,451.0,530.0,,,,,9.0,748.0,318.0,8.0,658.0,554.0,0
9,9.0,00:09:48,17648.0,6,3,B,3,擋小球,,1.0,2.0,6.0,451.0,530.0,2.0,10.0,392.0,450.0,掛網,對手掛網,A,,8.0,565.0,548.0,9.0,717.0,323.0,0
10,1.0,00:10:03,18091.0,7,3,A,1,發短球,,1.0,2.0,,,,2.0,5.0,840.0,513.0,,,,,8.0,622.0,368.0,8.0,717.0,538.0,0
10,2.0,00:10:03,18112.0,7,3,B,2,推球,,,2.0,5.0,840.0,513.0,1.0,3.0,508.0,317.0,,,,,8.0,742.0,511.0,8.0,655.0,367.0,0
10,3.0,00:10:04,18146.0,7,3,A,2,過渡切球,,,1.0,3.0,508.0,317.0,2.0,2.0,467.0,506.0,,,,,8.0,567.0,330.0,8.0,619.0,555.0,0
10,4.0,00:10:05,18166.0,7,3,B,2,推球,,1.0,2.0,2.0,467.0,506.0,1.0,3.0,500.0,323.0,,,,,8.0,559.0,529.0,8.0,604.0,339.0,0
10,5.0,00:10:06,18189.0,7,3,A,3,切球,,,1.0,3.0,500.0,323.0,2.0,5.0,818.0,516.0,對手落地致勝,落地致勝,A,,8.0,563.0,336.0,8.0,556.0,543.0,0
11,1.0,00:10:23,18718.0,7,4,A,1,發短球,,,2.0,,,,2.0,6.0,858.0,570.0,,,,1.0,8.0,668.0,344.0,8.0,670.0,547.0,0
11,2.0,00:10:24,18734.0,7,4,B,2,挑球,,,2.0,5.0,858.0,570.0,1.0,8.0,742.0,336.0,,,,,7.0,556.0,505.0,8.0,626.0,381.0,0
11,3.0,00:10:25,18766.0,7,4,A,2,殺球,1.0,,1.0,8.0,742.0,336.0,2.0,5.0,865.0,557.0,,,,,8.0,672.0,344.0,8.0,662.0,560.0,0
11,4.0,00:10:26,18781.0,7,4,B,2,擋小球,,,2.0,5.0,865.0,557.0,2.0,2.0,816.0,400.0,,,,,8.0,761.0,568.0,8.0,705.0,333.0,0
11,5.0,00:10:27,18812.0,7,4,A,2,放小球,,1.0,2.0,2.0,816.0,400.0,2.0,1.0,818.0,456.0,,,,,2.0,774.0,407.0,8.0,692.0,545.0,0
11,6.0,00:10:27,18837.0,7,4,B,2,挑球,,,2.0,1.0,818.0,456.0,1.0,9.0,547.0,322.0,,,,,1.0,811.0,484.0,7.0,731.0,396.0,0
11,7.0,00:10:29,18886.0,7,4,A,2,過渡切球,,,1.0,9.0,547.0,322.0,2.0,8.0,490.0,543.0,,,,,9.0,572.0,314.0,8.0,668.0,534.0,0
11,8.0,00:10:30,18906.0,7,4,B,2,推球,,1.0,2.0,8.0,490.0,543.0,2.0,8.0,749.0,348.0,,,,,8.0,593.0,527.0,9.0,603.0,324.0,0
11,9.0,00:10:30,18921.0,7,4,A,2,擋小球,,1.0,2.0,8.0,749.0,348.0,1.0,7.0,664.0,491.0,,,,,8.0,605.0,358.0,8.0,616.0,554.0,0
11,10.0,00:10:31,18944.0,7,4,B,3,撲球,,,1.0,7.0,664.0,491.0,2.0,5.0,467.0,333.0,對手落地致勝,落地致勝,B,,8.0,641.0,512.0,8.0,641.0,379.0,0
12,1.0,00:10:48,19456.0,7,5,B,1,發短球,,1.0,2.0,,,,2.0,7.0,595.0,392.0,,,,,8.0,660.0,541.0,8.0,566.0,359.0,0
12,2.0,00:10:49,19485.0,7,5,A,2,挑球,,,2.0,7.0,595.0,392.0,1.0,4.0,417.0,627.0,,,,,8.0,592.0,373.0,8.0,623.0,531.0,0
12,3.0,00:10:50,19520.0,7,5,B,2,長球,1.0,,1.0,4.0,417.0,627.0,1.0,4.0,766.0,325.0,,,,,8.0,525.0,602.0,8.0,615.0,361.0,0
12,4.0,00:10:52,19566.0,7,5,A,2,殺球,1.0,,1.0,4.0,766.0,325.0,2.0,5.0,834.0,552.0,,,,,4.0,766.0,317.0,8.0,645.0,576.0,0
12,5.0,00:10:52,19581.0,7,5,B,2,防守回挑,,,2.0,5.0,834.0,552.0,1.0,9.0,550.0,313.0,,,,,8.0,653.0,562.0,4.0,775.0,323.0,0
12,6.0,00:10:53,19606.0,7,5,A,3,殺球,,,1.0,9.0,550.0,313.0,2.0,11.0,331.0,614.0,出界,對手出界,B,,9.0,623.0,322.0,8.0,655.0,563.0,0
13,1.0,00:11:12,20164.0,8,5,B,1,發短球,,1.0,2.0,,,,2.0,8.0,734.0,388.0,,,,,8.0,614.0,538.0,8.0,728.0,365.0,0
13,2.0,00:11:12,20187.0,8,5,A,2,放小球,,1.0,2.0,8.0,734.0,388.0,2.0,7.0,658.0,487.0,,,,,8.0,705.0,380.0,8.0,629.0,529.0,0
13,3.0,00:11:13,20215.0,8,5,B,2,放小球,,,2.0,7.0,658.0,487.0,2.0,7.0,629.0,428.0,,,,,8.0,661.0,516.0,8.0,669.0,381.0,0
13,4.0,00:11:14,20240.0,8,5,A,2,放小球,,1.0,2.0,7.0,629.0,428.0,2.0,7.0,631.0,450.0,,,,,7.0,631.0,403.0,8.0,661.0,529.0,0
13,5.0,00:11:15,20263.0,8,5,B,2,挑球,,1.0,2.0,7.0,631.0,450.0,1.0,9.0,637.0,317.0,,,,,7.0,660.0,503.0,7.0,634.0,396.0,0
13,6.0,00:11:17,20332.0,8,5,A,2,殺球,1.0,,1.0,9.0,637.0,317.0,2.0,6.0,426.0,544.0,,,,,9.0,637.0,310.0,8.0,636.0,560.0,0
13,7.0,00:11:18,20349.0,8,5,B,2,擋小球,,1.0,2.0,6.0,426.0,544.0,1.0,1.0,505.0,403.0,,,,,8.0,604.0,576.0,8.0,615.0,331.0,0
13,8.0,00:11:19,20373.0,8,5,A,3,撲球,,,1.0,1.0,505.0,403.0,2.0,6.0,470.0,599.0,對手落地致勝,落地致勝,A,,1.0,511.0,392.0,6.0,479.0,551.0,0
14,1.0,00:11:34,20828.0,9,5,A,1,未知球種,,,2.0,,,,,5.0,470.0,599.0,,,,1.0,1.0,511.0,392.0,5.0,479.0,551.0,0
15,1.0,00:12:31,22553.0,10,5,A,1,發短球,,1.0,2.0,,,,2.0,2.0,484.0,504.0,,,,,8.0,654.0,357.0,8.0,560.0,529.0,0
15,2.0,00:12:32,22574.0,10,5,B,2,推球,,1.0,2.0,2.0,484.0,504.0,1.0,4.0,763.0,315.0,,,,,8.0,550.0,515.0,8.0,644.0,363.0,0
15,3.0,00:12:33,22609.0,10,5,A,2,切球,1.0,,1.0,4.0,763.0,315.0,2.0,7.0,648.0,506.0,,,,,9.0,727.0,325.0,8.0,644.0,541.0,0
15,4.0,00:12:34,22630.0,10,5,B,2,放小球,,,2.0,7.0,648.0,506.0,2.0,7.0,557.0,407.0,,,,,8.0,633.0,541.0,9.0,720.0,316.0,0
15,5.0,00:12:35,22658.0,10,5,A,2,放小球,,,2.0,7.0,557.0,407.0,2.0,7.0,542.0,459.0,,,,,7.0,593.0,396.0,8.0,636.0,538.0,0
15,6.0,00:12:35,22678.0,10,5,B,2,放小球,,1.0,2.0,7.0,542.0,459.0,1.0,1.0,487.0,425.0,,,,,7.0,581.0,491.0,8.0,589.0,387.0,0
15,7.0,00:12:36,22702.0,10,5,A,2,撲球,,,1.0,1.0,487.0,425.0,2.0,7.0,555.0,498.0,,,,,7.0,540.0,429.0,7.0,605.0,503.0,0
15,8.0,00:12:36,22702.0,10,5,B,3,擋小球,,1.0,2.0,7.0,555.0,498.0,2.0,11.0,245.0,583.0,未過網,對手未過網,A,,7.0,598.0,504.0,7.0,538.0,430.0,0
16,1.0,00:12:52,23168.0,11,5,A,1,未知球種,,,2.0,,,,2.0,,,,,,,1.0,,,,,,,0
16,2.0,00:12:52,23181.0,11,5,B,2,放小球,,,2.0,,,,2.0,2.0,789.0,418.0,,,,,7.0,696.0,505.0,8.0,620.0,376.0,0
16,3.0,00:12:53,23210.0,11,5,A,2,放小球,,1.0,2.0,2.0,789.0,418.0,2.0,1.0,806.0,460.0,,,,,7.0,735.0,406.0,8.0,692.0,527.0,0
16,4.0,00:12:54,23237.0,11,5,B,2,放小球,,,2.0,1.0,806.0,460.0,2.0,2.0,828.0,422.0,,,,,1.0,796.0,491.0,7.0,686.0,396.0,0
16,5.0,00:12:55,23262.0,11,5,A,2,放小球,,1.0,2.0,2.0,828.0,422.0,2.0,1.0,841.0,463.0,,,,,7.0,754.0,419.0,8.0,747.0,513.0,0
16,6.0,00:12:56,23286.0,11,5,B,2,挑球,,,2.0,1.0,841.0,463.0,1.0,9.0,568.0,323.0,,,,,1.0,801.0,483.0,7.0,720.0,410.0,0
16,7.0,00:12:57,23325.0,11,5,A,2,點扣,,,1.0,9.0,568.0,323.0,2.0,6.0,440.0,579.0,,,,,8.0,626.0,337.0,8.0,679.0,556.0,0
16,8.0,00:12:57,23338.0,11,5,B,3,擋小球,,1.0,2.0,6.0,440.0,579.0,2.0,2.0,438.0,452.0,掛網,對手掛網,A,,8.0,685.0,572.0,8.0,566.0,330.0,0
17,1.0,00:14:01,25237.0,12,5,A,1,發短球,,1.0,2.0,,,,2.0,7.0,592.0,503.0,,,,,8.0,664.0,364.0,8.0,553.0,531.0,0
17,2.0,00:14:01,25254.0,12,5,B,2,放小球,,,2.0,7.0,592.0,503.0,2.0,7.0,534.0,416.0,,,,,8.0,553.0,510.0,8.0,644.0,365.0,0
17,3.0,00:14:02,25278.0,12,5,A,3,挑球,,,2.0,7.0,534.0,416.0,2.0,5.0,907.0,613.0,落點判斷失誤,對手落點判斷失誤,A,,7.0,581.0,396.0,8.0,588.0,508.0,0
18,1.0,00:14:14,25636.0,12,6,A,1,發短球,,1.0,2.0,,,,1.0,7.0,704.0,498.0,,,,,8.0,624.0,370.0,8.0,712.0,535.0,0
18,2.0,00:14:15,25655.0,12,6,B,2,放小球,,1.0,1.0,7.0,704.0,498.0,2.0,2.0,832.0,422.0,,,,,7.0,712.0,503.0,8.0,647.0,362.0,0
18,3.0,00:14:16,25686.0,12,6,A,3,放小球,,1.0,2.0,2.0,832.0,422.0,2.0,2.0,787.0,431.0,未過網,對手未過網,B,,7.0,751.0,407.0,8.0,714.0,537.0,0
19,1.0,00:14:39,26391.0,13,6,B,1,發長球,,1.0,2.0,,,,1.0,3.0,491.0,317.0,,,,,8.0,655.0,529.0,8.0,572.0,358.0,0
19,2.0,00:14:40,26423.0,13,6,A,2,殺球,,,1.0,3.0,491.0,317.0,2.0,6.0,450.0,558.0,,,,,8.0,550.0,327.0,8.0,609.0,560.0,0
19,3.0,00:14:41,26435.0,13,6,B,2,勾球,,1.0,2.0,6.0,450.0,558.0,2.0,8.0,732.0,356.0,,,,,8.0,588.0,556.0,9.0,525.0,315.0,0
19,4.0,00:14:42,26461.0,13,6,A,2,擋小球,,1.0,2.0,8.0,732.0,356.0,1.0,7.0,595.0,468.0,,,,,8.0,649.0,352.0,8.0,631.0,556.0,0
19,5.0,00:14:42,26485.0,13,6,B,2,放小球,,,1.0,7.0,595.0,468.0,1.0,7.0,559.0,423.0,,,,,8.0,596.0,510.0,8.0,645.0,362.0,0
19,6.0,00:14:43,26503.0,13,6,A,3,撲球,,,1.0,7.0,559.0,423.0,2.0,8.0,519.0,594.0,對手落地致勝,落地致勝,A,,7.0,590.0,416.0,7.0,601.0,502.0,0
20,1.0,00:14:56,26882.0,14,6,A,1,發短球,,1.0,2.0,,,,1.0,7.0,556.0,499.0,,,,,8.0,654.0,370.0,8.0,546.0,530.0,0
20,2.0,00:14:56,26904.0,14,6,B,2,放小球,,,1.0,7.0,556.0,499.0,2.0,7.0,514.0,414.0,,,,,7.0,562.0,497.0,8.0,642.0,364.0,0
20,3.0,00:14:58,26956.0,14,6,A,3,放小球,,,2.0,7.0,514.0,414.0,2.0,7.0,507.0,458.0,對手落地致勝,落地致勝,A,,7.0,582.0,408.0,8.0,587.0,535.0,0
21,1.0,00:15:10,27305.0,15,6,A,1,未知球種,,,2.0,,,,2.0,,,,,,,1.0,,,,,,,0
21,2.0,00:15:10,27319.0,15,6,B,2,推球,,,2.0,,,,2.0,3.0,492.0,318.0,,,,,7.0,703.0,500.0,8.0,628.0,373.0,0
21,3.0,00:15:11,27356.0,15,6,A,2,過渡切球,,,2.0,3.0,492.0,318.0,2.0,6.0,445.0,544.0,,,,,3.0,515.0,316.0,8.0,640.0,534.0,0
21,4.0,00:15:12,27375.0,15,6,B,2,勾球,,1.0,2.0,6.0,445.0,544.0,2.0,2.0,802.0,410.0,,,,,8.0,501.0,544.0,8.0,545.0,327.0,0
21,5.0,00:15:13,27404.0,15,6,A,2,放小球,,1.0,2.0,2.0,802.0,410.0,2.0,1.0,801.0,452.0,,,,,7.0,738.0,409.0,8.0,656.0,544.0,0
21,6.0,00:15:14,27433.0,15,6,B,2,挑球,,,2.0,1.0,801.0,452.0,1.0,8.0,525.0,382.0,,,,,7.0,748.0,477.0,7.0,728.0,409.0,0
21,7.0,00:15:16,27491.0,15,6,A,3,殺球,,,1.0,8.0,525.0,382.0,2.0,8.0,645.0,579.0,對手落地致勝,落地致勝,A,,8.0,528.0,372.0,8.0,668.0,560.0,0
22,1.0,00:15:38,28148.0,15,7,A,1,發短球,,1.0,2.0,,,,2.0,2.0,486.0,497.0,,,,,8.0,656.0,375.0,8.0,551.0,534.0,0
22,2.0,00:15:38,28167.0,15,7,B,2,推球,,1.0,2.0,2.0,486.0,497.0,1.0,9.0,736.0,319.0,,,,,7.0,573.0,505.0,8.0,647.0,366.0,0
22,3.0,00:15:39,28197.0,15,7,A,2,殺球,1.0,,1.0,9.0,736.0,319.0,2.0,6.0,478.0,553.0,,,,,9.0,713.0,317.0,8.0,644.0,538.0,0
22,4.0,00:15:40,28209.0,15,7,B,2,擋小球,,1.0,2.0,6.0,478.0,553.0,1.0,8.0,568.0,361.0,,,,,8.0,623.0,568.0,4.0,749.0,308.0,0
22,5.0,00:15:41,28244.0,15,7,A,2,撲球,,,1.0,8.0,568.0,361.0,2.0,8.0,596.0,563.0,,,,,8.0,593.0,357.0,8.0,599.0,554.0,0
22,6.0,00:15:41,28249.0,15,7,B,2,擋小球,,1.0,2.0,8.0,596.0,563.0,1.0,8.0,649.0,371.0,,,,,8.0,608.0,561.0,8.0,603.0,361.0,0
22,7.0,00:15:42,28263.0,15,7,A,3,擋小球,,1.0,1.0,8.0,649.0,371.0,2.0,7.0,528.0,442.0,掛網,對手掛網,B,,8.0,635.0,375.0,8.0,638.0,535.0,0
23,1.0,00:15:57,28733.0,16,7,B,1,發短球,,1.0,2.0,,,,2.0,6.0,802.0,387.0,,,,,8.0,627.0,531.0,8.0,724.0,367.0,0
23,2.0,00:15:58,28755.0,16,7,A,2,放小球,,1.0,2.0,6.0,802.0,387.0,2.0,7.0,627.0,476.0,,,,,8.0,712.0,383.0,8.0,634.0,541.0,0
23,3.0,00:15:59,28780.0,16,7,B,2,挑球,,1.0,2.0,7.0,627.0,476.0,1.0,9.0,729.0,316.0,,,,,7.0,671.0,506.0,8.0,671.0,375.0,0
23,4.0,00:16:00,28820.0,16,7,A,2,殺球,1.0,,1.0,9.0,729.0,316.0,2.0,8.0,535.0,527.0,,,,,9.0,733.0,313.0,8.0,657.0,543.0,0
23,5.0,00:16:01,28839.0,16,7,B,2,擋小球,,1.0,2.0,8.0,535.0,527.0,2.0,7.0,679.0,397.0,,,,,8.0,625.0,540.0,9.0,708.0,314.0,0
23,6.0,00:16:02,28869.0,16,7,A,2,推球,,1.0,2.0,7.0,679.0,397.0,1.0,3.0,827.0,621.0,,,,,8.0,655.0,379.0,8.0,637.0,544.0,0
23,7.0,00:16:03,28902.0,16,7,B,2,長球,,,1.0,3.0,827.0,621.0,1.0,4.0,752.0,319.0,,,,,8.0,716.0,610.0,8.0,661.0,350.0,0
23,8.0,00:16:04,28932.0,16,7,A,2,長球,1.0,,1.0,4.0,752.0,319.0,1.0,3.0,817.0,632.0,,,,,4.0,761.0,315.0,8.0,705.0,547.0,0
23,9.0,00:16:05,28972.0,16,7,B,2,切球,,,1.0,3.0,817.0,632.0,2.0,6.0,772.0,376.0,,,,,9.0,759.0,622.0,8.0,686.0,343.0,0
23,10.0,00:16:06,28995.0,16,7,A,2,放小球,,1.0,2.0,6.0,772.0,376.0,2.0,1.0,808.0,483.0,,,,,8.0,710.0,366.0,8.0,691.0,573.0,0
23,11.0,00:16:07,29023.0,16,7,B,3,放小球,,,2.0,1.0,808.0,483.0,2.0,1.0,833.0,450.0,掛網,對手掛網,A,,7.0,728.0,504.0,8.0,701.0,371.0,0
24,1.0,00:16:21,29455.0,17,7,A,1,發短球,,1.0,2.0,,,,2.0,8.0,725.0,508.0,,,,,8.0,624.0,359.0,8.0,714.0,540.0,0
24,2.0,00:16:22,29477.0,17,7,B,2,挑球,,,2.0,8.0,725.0,508.0,1.0,9.0,747.0,319.0,,,,,8.0,683.0,518.0,8.0,640.0,357.0,0
24,3.0,00:16:23,29504.0,17,7,A,2,切球,,1.0,1.0,9.0,747.0,319.0,1.0,5.0,790.0,532.0,,,,,9.0,715.0,320.0,8.0,679.0,528.0,0
24,4.0,00:16:24,29522.0,17,7,B,2,平球,,,1.0,5.0,790.0,532.0,2.0,6.0,770.0,347.0,,,,,8.0,694.0,542.0,8.0,695.0,339.0,0
24,5.0,00:16:24,29538.0,17,7,A,2,平球,,1.0,2.0,6.0,770.0,347.0,2.0,6.0,465.0,558.0,,,,,8.0,682.0,336.0,8.0,690.0,564.0,0
24,6.0,00:16:25,29555.0,17,7,B,2,擋小球,,1.0,2.0,6.0,465.0,558.0,2.0,8.0,542.0,390.0,,,,,8.0,624.0,568.0,8.0,661.0,348.0,0
24,7.0,00:16:26,29584.0,17,7,A,2,推球,,,2.0,8.0,542.0,390.0,1.0,6.0,430.0,611.0,,,,,8.0,590.0,383.0,8.0,615.0,551.0,0
24,8.0,00:16:27,29614.0,17,7,B,3,殺球,1.0,,1.0,6.0,430.0,611.0,2.0,11.0,868.0,350.0,出界,對手出界,A,,8.0,508.0,613.0,8.0,614.0,356.0,0
25,1.0,00:16:43,30105.0,17,8,A,1,發短球,,1.0,2.0,,,,2.0,7.0,557.0,502.0,,,,,8.0,657.0,358.0,8.0,545.0,548.0,0
25,2.0,00:16:44,30126.0,17,8,B,2,推球,,,2.0,7.0,557.0,502.0,1.0,4.0,748.0,316.0,,,,,8.0,551.0,516.0,8.0,649.0,364.0,0
25,3.0,00:16:45,30164.0,17,8,A,2,長球,1.0,,1.0,4.0,748.0,316.0,1.0,4.0,440.0,621.0,,,,,9.0,737.0,316.0,8.0,635.0,549.0,0
25,4.0,00:16:46,30201.0,17,8,B,2,殺球,1.0,,1.0,4.0,440.0,621.0,2.0,5.0,459.0,358.0,,,,,9.0,488.0,618.0,8.0,658.0,337.0,0
25,5.0,00:16:47,30219.0,17,8,A,3,擋小球,,,2.0,5.0,459.0,358.0,2.0,1.0,499.0,433.0,掛網,對手掛網,B,,8.0,563.0,348.0,4.0,467.0,617.0,0
26,1.0,00:17:01,30630.0,17,9,B,1,發短球,,1.0,2.0,,,,2.0,8.0,576.0,384.0,,,,,8.0,649.0,549.0,8.0,570.0,366.0,0
26,2.0,00:17:01,30654.0,17,9,A,2,放小球,,,2.0,8.0,576.0,384.0,2.0,7.0,659.0,485.0,,,,,8.0,573.0,374.0,8.0,614.0,532.0,0
26,3.0,00:17:02,30674.0,17,9,B,2,放小球,,,2.0,7.0,659.0,485.0,2.0,7.0,568.0,406.0,,,,,8.0,656.0,521.0,8.0,618.0,365.0,0
26,4.0,00:17:03,30694.0,17,9,A,2,放小球,,,2.0,7.0,568.0,406.0,2.0,2.0,489.0,484.0,,,,,7.0,592.0,396.0,8.0,634.0,531.0,0
26,5.0,00:17:04,30728.0,17,9,B,2,挑球,,1.0,2.0,2.0,489.0,484.0,1.0,4.0,765.0,319.0,,,,,8.0,548.0,520.0,8.0,616.0,375.0,0
26,6.0,00:17:05,30771.0,17,9,A,3,殺球,1.0,,1.0,4.0,765.0,319.0,2.0,11.0,355.0,564.0,出界,對手出界,B,,4.0,773.0,319.0,8.0,642.0,548.0,0
27,1.0,00:17:19,31170.0,17,10,B,1,未知球種,,,2.0,,,,2.0,,,,,,,1.0,,,,,,,0
27,2.0,00:17:19,31185.0,17,10,A,2,推球,,1.0,2.0,,,,1.0,6.0,479.0,602.0,,,,,8.0,684.0,378.0,8.0,641.0,530.0,0
27,3.0,00:17:20,31217.0,17,10,B,3,點扣,1.0,,1.0,6.0,479.0,602.0,2.0,6.0,813.0,342.0,對手落地致勝,落地致勝,B,,8.0,576.0,598.0,8.0,588.0,350.0,0
28,1.0,00:17:41,31838.0,18,10,B,1,發短球,,1.0,2.0,,,,2.0,8.0,597.0,387.0,,,,,8.0,648.0,536.0,8.0,574.0,366.0,0
28,2.0,00:17:41,31858.0,18,10,A,2,放小球,,1.0,2.0,8.0,597.0,387.0,2.0,2.0,488.0,494.0,,,,,8.0,573.0,380.0,8.0,635.0,540.0,0
28,3.0,00:17:42,31878.0,18,10,B,3,推球,,1.0,2.0,2.0,488.0,494.0,2.0,13.0,761.0,302.0,出界,對手出界,A,,8.0,574.0,519.0,8.0,601.0,375.0,0
29,1.0,00:17:54,32244.0,19,10,A,1,發短球,,1.0,2.0,,,,2.0,7.0,709.0,495.0,,,,,8.0,620.0,368.0,8.0,712.0,541.0,0
29,2.0,00:17:55,32263.0,19,10,B,2,放小球,,,2.0,7.0,709.0,495.0,2.0,2.0,782.0,403.0,,,,,8.0,712.0,519.0,8.0,648.0,361.0,0
29,3.0,00:17:56,32295.0,19,10,A,2,挑球,,1.0,2.0,2.0,782.0,403.0,1.0,9.0,493.0,632.0,,,,,8.0,707.0,384.0,8.0,690.0,525.0,0
29,4.0,00:17:57,32339.0,19,10,B,3,殺球,1.0,,1.0,9.0,493.0,632.0,2.0,11.0,872.0,362.0,出界,對手出界,A,,9.0,511.0,639.0,8.0,628.0,354.0,0
30,1.0,00:18:09,32688.0,19,11,A,1,發短球,,1.0,2.0,,,,2.0,7.0,498.0,502.0,,,,,8.0,650.0,369.0,8.0,550.0,538.0,0
30,2.0,00:18:10,32708.0,19,11,B,2,推球,,1.0,2.0,7.0,498.0,502.0,1.0,4.0,783.0,314.0,,,,,8.0,538.0,520.0,8.0,652.0,356.0,0
30,3.0,00:18:11,32740.0,19,11,A,2,長球,1.0,,1.0,4.0,783.0,314.0,1.0,3.0,859.0,631.0,,,,,9.0,727.0,321.0,8.0,632.0,542.0,0
30,4.0,00:18:12,32776.0,19,11,B,2,殺球,,,1.0,3.0,859.0,631.0,2.0,5.0,432.0,361.0,,,,,3.0,843.0,647.0,8.0,690.0,342.0,0
30,5.0,00:18:13,32797.0,19,11,A,3,擋小球,,,2.0,5.0,432.0,361.0,2.0,5.0,438.0,366.0,落點判斷失誤,對手落點判斷失誤,B,,8.0,574.0,374.0,13.0,854.0,665.0,0
31,1.0,00:18:54,34023.0,20,11,B,1,發短球,,1.0,2.0,,,,2.0,8.0,739.0,387.0,,,,,8.0,619.0,540.0,8.0,727.0,346.0,0
31,2.0,00:18:54,34041.0,20,11,A,2,放小球,,1.0,2.0,8.0,739.0,387.0,2.0,1.0,798.0,487.0,,,,,8.0,702.0,384.0,8.0,628.0,541.0,0
31,3.0,00:18:55,34070.0,20,11,B,2,放小球,,,2.0,1.0,798.0,487.0,2.0,2.0,841.0,405.0,,,,,8.0,708.0,511.0,8.0,670.0,374.0,0
31,4.0,00:18:56,34099.0,20,11,A,2,挑球,,1.0,2.0,2.0,841.0,405.0,1.0,3.0,848.0,630.0,,,,,8.0,731.0,391.0,8.0,741.0,509.0,0
31,5.0,00:18:58,34149.0,20,11,B,2,殺球,,,1.0,3.0,848.0,630.0,2.0,6.0,787.0,346.0,,,,,9.0,799.0,626.0,8.0,673.0,346.0,0
31,6.0,00:18:58,34165.0,20,11,A,2,勾球,,1.0,2.0,6.0,787.0,346.0,2.0,8.0,509.0,532.0,,,,,8.0,685.0,340.0,3.0,808.0,638.0,0
31,7.0,00:18:59,34192.0,20,11,B,2,推球,,1.0,2.0,8.0,509.0,532.0,1.0,5.0,511.0,327.0,,,,,8.0,622.0,553.0,8.0,680.0,351.0,0
31,8.0,00:19:00,34217.0,20,11,A,2,切球,,,1.0,5.0,511.0,327.0,2.0,6.0,463.0,509.0,,,,,8.0,567.0,342.0,8.0,580.0,539.0,0
31,9.0,00:19:01,34243.0,20,11,B,2,推球,,1.0,2.0,6.0,463.0,509.0,1.0,3.0,519.0,315.0,,,,,8.0,523.0,543.0,8.0,587.0,347.0,0
31,10.0,00:19:02,34281.0,20,11,A,2,切球,,,1.0,3.0,519.0,315.0,2.0,6.0,471.0,523.0,,,,,8.0,591.0,326.0,8.0,595.0,544.0,0
31,11.0,00:19:03,34306.0,20,11,B,2,放小球,,1.0,2.0,6.0,471.0,523.0,2.0,1.0,478.0,413.0,,,,,8.0,533.0,535.0,8.0,627.0,340.0,0
31,12.0,00:19:04,34340.0,20,11,A,2,挑球,,,2.0,1.0,478.0,413.0,1.0,9.0,555.0,635.0,,,,,7.0,525.0,397.0,8.0,545.0,542.0,0
31,13.0,00:19:06,34385.0,20,11,B,2,長球,1.0,,1.0,9.0,555.0,635.0,1.0,3.0,489.0,308.0,,,,,9.0,538.0,643.0,8.0,624.0,363.0,0
31,14.0,00:19:07,34419.0,20,11,A,2,長球,,,1.0,3.0,489.0,308.0,1.0,4.0,430.0,621.0,,,,,3.0,516.0,321.0,8.0,599.0,562.0,0
31,15.0,00:19:08,34457.0,20,11,B,2,長球,1.0,,1.0,4.0,430.0,621.0,1.0,4.0,768.0,322.0,,,,,6.0,471.0,614.0,8.0,621.0,342.0,0
31,16.0,00:19:09,34489.0,20,11,A,2,殺球,1.0,,1.0,4.0,768.0,322.0,2.0,5.0,804.0,569.0,,,,,4.0,755.0,325.0,8.0,595.0,574.0,0
31,17.0,00:19:10,34502.0,20,11,B,2,防守回抽,,,2.0,5.0,804.0,569.0,1.0,3.0,517.0,323.0,,,,,8.0,678.0,570.0,6.0,791.0,332.0,0
31,18.0,00:19:11,34535.0,20,11,A,2,後場抽平球,,,1.0,3.0,517.0,323.0,2.0,5.0,884.0,597.0,,,,,8.0,579.0,328.0,8.0,591.0,552.0,0
31,19.0,00:19:12,34568.0,20,11,B,2,過渡切球,,,2.0,5.0,884.0,597.0,1.0,2.0,818.0,410.0,,,,,8.0,703.0,580.0,8.0,668.0,341.0,0
31,20.0,00:19:13,34590.0,20,11,A,3,撲球,,1.0,1.0,2.0,818.0,410.0,2.0,5.0,806.0,592.0,對手落地致勝,落地致勝,A,,2.0,776.0,403.0,8.0,727.0,587.0,0
32,1.0,00:19:38,35348.0,20,12,A,1,發短球,,1.0,2.0,,,,2.0,7.0,703.0,504.0,,,,,8.0,628.0,359.0,8.0,706.0,516.0,0
32,2.0,00:19:39,35370.0,20,12,B,2,推球,,,2.0,7.0,703.0,504.0,1.0,4.0,758.0,315.0,,,,,8.0,703.0,509.0,8.0,628.0,352.0,0
32,3.0,00:19:40,35403.0,20,12,A,2,長球,,1.0,1.0,4.0,758.0,315.0,1.0,6.0,474.0,614.0,,,,,9.0,698.0,315.0,8.0,679.0,521.0,0
32,4.0,00:19:41,35435.0,20,12,B,2,長球,1.0,,1.0,6.0,474.0,614.0,1.0,4.0,754.0,318.0,,,,,8.0,557.0,587.0,8.0,639.0,341.0,0
32,5.0,00:19:42,35476.0,20,12,A,2,殺球,1.0,,1.0,4.0,754.0,318.0,2.0,8.0,515.0,549.0,,,,,4.0,750.0,321.0,8.0,616.0,564.0,0
32,6.0,00:19:43,35491.0,20,12,B,2,防守回抽,,1.0,2.0,8.0,515.0,549.0,1.0,5.0,506.0,327.0,,,,,8.0,629.0,553.0,4.0,768.0,317.0,0
32,7.0,00:19:43,35517.0,20,12,A,2,後場抽平球,,,1.0,5.0,506.0,327.0,2.0,6.0,451.0,546.0,,,,,8.0,565.0,334.0,8.0,566.0,518.0,0
32,8.0,00:19:44,35530.0,20,12,B,2,平球,,1.0,2.0,6.0,451.0,546.0,1.0,8.0,719.0,352.0,,,,,8.0,562.0,534.0,8.0,563.0,341.0,0
32,9.0,00:19:44,35545.0,20,12,A,2,勾球,,1.0,1.0,8.0,719.0,352.0,1.0,2.0,496.0,491.0,,,,,8.0,614.0,357.0,8.0,550.0,585.0,0
32,10.0,00:19:45,35570.0,20,12,B,2,放小球,,1.0,1.0,2.0,496.0,491.0,2.0,1.0,449.0,425.0,,,,,8.0,521.0,519.0,8.0,687.0,357.0,0
32,11.0,00:19:46,35598.0,20,12,A,3,勾球,,,2.0,1.0,449.0,425.0,2.0,2.0,790.0,436.0,未過網,對手未過網,B,,7.0,525.0,406.0,7.0,537.0,507.0,0
33,1.0,00:20:03,36100.0,21,12,B,1,未知球種,,,2.0,,,,2.0,,,,,,,1.0,,,,,,,0
33,2.0,00:20:04,36122.0,21,12,A,2,放小球,,,2.0,,,,2.0,7.0,631.0,488.0,,,,,8.0,589.0,385.0,8.0,633.0,529.0,0
33,3.0,00:20:05,36153.0,21,12,B,2,放小球,,,2.0,7.0,631.0,488.0,2.0,1.0,473.0,413.0,,,,,8.0,643.0,530.0,8.0,619.0,367.0,0
33,4.0,00:20:06,36180.0,21,12,A,2,放小球,,,2.0,1.0,473.0,413.0,2.0,2.0,447.0,450.0,,,,,7.0,518.0,410.0,8.0,614.0,523.0,0
33,5.0,00:20:06,36205.0,21,12,B,3,放小球,,1.0,2.0,2.0,447.0,450.0,2.0,2.0,437.0,450.0,未過網,對手未過網,A,,2.0,481.0,490.0,7.0,562.0,399.0,0
1,1.0,00:22:11,39945.0,1,0,A,1,發短球,,1.0,2.0,,,,1.0,7.0,585.0,392.0,,,,,8.0,660.0,536.0,8.0,583.0,367.0,0
1,2.0,00:22:12,39965.0,1,0,B,3,放小球,,1.0,1.0,7.0,585.0,392.0,2.0,1.0,481.0,433.0,掛網,對手掛網,A,,8.0,579.0,388.0,8.0,637.0,537.0,0
2,1.0,00:22:22,40278.0,2,0,A,1,發短球,,1.0,2.0,,,,2.0,7.0,687.0,391.0,,,,,8.0,619.0,513.0,8.0,714.0,357.0,0
2,2.0,00:22:23,40304.0,2,0,B,2,推球,,1.0,2.0,7.0,687.0,391.0,1.0,9.0,487.0,615.0,,,,,8.0,696.0,379.0,8.0,623.0,518.0,0
2,3.0,00:22:24,40336.0,2,0,A,2,殺球,1.0,,1.0,9.0,487.0,615.0,2.0,8.0,741.0,349.0,,,,,8.0,485.0,600.0,8.0,630.0,341.0,0
2,4.0,00:22:25,40350.0,2,0,B,2,擋小球,,1.0,2.0,8.0,741.0,349.0,2.0,1.0,802.0,502.0,,,,,8.0,647.0,356.0,8.0,489.0,589.0,0
2,5.0,00:22:26,40381.0,2,0,A,2,挑球,,,2.0,1.0,802.0,502.0,1.0,4.0,794.0,316.0,,,,,8.0,692.0,526.0,8.0,666.0,362.0,0
2,6.0,00:22:27,40423.0,2,0,B,3,殺球,1.0,,1.0,4.0,794.0,316.0,2.0,15.0,952.0,600.0,出界,對手出界,A,,4.0,786.0,317.0,8.0,678.0,534.0,0
3,1.0,00:22:48,41048.0,2,1,A,1,發短球,,1.0,2.0,,,,2.0,8.0,577.0,383.0,,,,,8.0,660.0,541.0,8.0,579.0,371.0,0
3,2.0,00:22:49,41071.0,2,1,B,2,推球,,,2.0,8.0,577.0,383.0,1.0,3.0,832.0,618.0,,,,,8.0,591.0,384.0,8.0,616.0,525.0,0
3,3.0,00:22:50,41101.0,2,1,A,3,殺球,,,1.0,3.0,832.0,618.0,2.0,2.0,821.0,442.0,掛網,對手掛網,B,,9.0,706.0,616.0,8.0,660.0,364.0,0
4,1.0,00:23:07,41630.0,2,2,B,1,發短球,,1.0,2.0,,,,2.0,7.0,524.0,497.0,,,,,8.0,664.0,378.0,8.0,529.0,537.0,0
4,2.0,00:23:08,41652.0,2,2,A,2,放小球,,1.0,2.0,7.0,524.0,497.0,2.0,1.0,472.0,401.0,,,,,8.0,575.0,510.0,8.0,650.0,372.0,0
4,3.0,00:23:09,41680.0,2,2,B,2,放小球,,,2.0,1.0,472.0,401.0,2.0,2.0,454.0,470.0,,,,,8.0,584.0,375.0,8.0,605.0,527.0,0
4,4.0,00:23:10,41710.0,2,2,A,2,放小球,,1.0,2.0,2.0,454.0,470.0,2.0,1.0,436.0,416.0,,,,,7.0,527.0,492.0,8.0,579.0,365.0,0
4,5.0,00:23:11,41736.0,2,2,B,2,挑球,,,2.0,1.0,436.0,416.0,1.0,4.0,454.0,645.0,,,,,7.0,528.0,393.0,7.0,552.0,495.0,0
4,6.0,00:23:13,41803.0,2,2,A,2,點扣,1.0,,1.0,4.0,454.0,645.0,2.0,5.0,455.0,360.0,,,,,4.0,416.0,646.0,8.0,609.0,361.0,0
4,7.0,00:23:14,41842.0,2,2,B,2,擋小球,,,2.0,5.0,455.0,360.0,2.0,2.0,455.0,486.0,,,,,8.0,586.0,364.0,8.0,510.0,543.0,0
4,8.0,00:23:14,41848.0,2,2,A,2,推球,,1.0,2.0,2.0,455.0,486.0,1.0,4.0,765.0,316.0,,,,,6.0,480.0,530.0,8.0,587.0,344.0,0
4,9.0,00:23:16,41888.0,2,2,B,2,過渡切球,,1.0,1.0,4.0,765.0,316.0,2.0,5.0,846.0,556.0,,,,,8.0,698.0,328.0,8.0,636.0,542.0,0
4,10.0,00:23:16,41905.0,2,2,A,2,擋小球,,,2.0,5.0,846.0,556.0,1.0,6.0,782.0,366.0,,,,,8.0,700.0,555.0,8.0,706.0,335.0,0
4,11.0,00:23:18,41953.0,2,2,B,2,擋小球,,1.0,1.0,6.0,782.0,366.0,2.0,1.0,802.0,496.0,,,,,8.0,698.0,362.0,7.0,773.0,501.0,0
4,12.0,00:23:18,41953.0,2,2,A,2,推球,,,2.0,1.0,802.0,496.0,1.0,9.0,531.0,314.0,,,,,7.0,760.0,507.0,8.0,687.0,371.0,0
4,13.0,00:23:19,41990.0,2,2,B,2,長球,,,1.0,9.0,531.0,314.0,1.0,6.0,475.0,613.0,,,,,9.0,582.0,324.0,8.0,649.0,534.0,0
4,14.0,00:23:20,42020.0,2,2,A,2,殺球,1.0,,1.0,6.0,475.0,613.0,2.0,6.0,771.0,351.0,,,,,6.0,456.0,610.0,8.0,629.0,336.0,0
4,15.0,00:23:21,42037.0,2,2,B,2,擋小球,,1.0,2.0,6.0,771.0,351.0,2.0,1.0,794.0,490.0,,,,,8.0,685.0,354.0,6.0,477.0,613.0,0
4,16.0,00:23:22,42067.0,2,2,A,3,放小球,,,2.0,1.0,794.0,490.0,2.0,1.0,799.0,449.0,掛網,對手掛網,B,,8.0,727.0,513.0,8.0,723.0,346.0,0
5,1.0,00:23:38,42546.0,2,3,B,1,發短球,,1.0,2.0,,,,2.0,7.0,685.0,501.0,,,,,8.0,621.0,364.0,8.0,717.0,537.0,0
5,2.0,00:23:38,42566.0,2,3,A,2,推球,,1.0,2.0,7.0,685.0,501.0,1.0,4.0,748.0,313.0,,,,,8.0,712.0,518.0,8.0,613.0,345.0,0
5,3.0,00:23:39,42596.0,2,3,B,2,殺球,1.0,,1.0,4.0,748.0,313.0,2.0,8.0,494.0,556.0,,,,,8.0,717.0,326.0,8.0,666.0,543.0,0
5,4.0,00:23:40,42612.0,2,3,A,2,擋小球,,1.0,2.0,8.0,494.0,556.0,1.0,7.0,558.0,395.0,,,,,8.0,647.0,563.0,9.0,739.0,323.0,0
5,5.0,00:23:41,42639.0,2,3,B,3,撲球,,,1.0,7.0,558.0,395.0,2.0,3.0,902.0,636.0,對手落地致勝,落地致勝,B,,8.0,604.0,373.0,8.0,566.0,538.0,0
6,1.0,00:23:58,43156.0,3,3,B,1,未知球種,,,2.0,,,,2.0,,,,,,,1.0,,,,,,,0
6,2.0,00:23:59,43196.0,3,3,A,2,放小球,,1.0,2.0,,,,2.0,2.0,797.0,407.0,,,,,7.0,593.0,496.0,8.0,650.0,382.0,0
6,3.0,00:24:00,43221.0,3,3,B,2,放小球,,1.0,2.0,2.0,797.0,407.0,2.0,1.0,812.0,461.0,,,,,7.0,727.0,408.0,8.0,653.0,512.0,0
6,4.0,00:24:01,43245.0,3,3,A,2,推球,,,2.0,1.0,812.0,461.0,2.0,9.0,549.0,325.0,,,,,1.0,781.0,484.0,8.0,701.0,389.0,0
6,5.0,00:24:02,43275.0,3,3,B,2,後場抽平球,,,2.0,9.0,549.0,325.0,2.0,8.0,493.0,539.0,,,,,8.0,575.0,337.0,8.0,667.0,518.0,0
6,6.0,00:24:02,43287.0,3,3,A,2,擋小球,,1.0,2.0,8.0,493.0,539.0,2.0,5.0,452.0,369.0,,,,,8.0,650.0,546.0,8.0,578.0,338.0,0
6,7.0,00:24:03,43311.0,3,3,B,2,挑球,,,2.0,5.0,452.0,369.0,1.0,5.0,812.0,608.0,,,,,5.0,509.0,361.0,8.0,612.0,553.0,0
6,8.0,00:24:04,43340.0,3,3,A,2,長球,,,1.0,5.0,812.0,608.0,1.0,3.0,497.0,324.0,,,,,9.0,746.0,621.0,8.0,592.0,376.0,0
6,9.0,00:24:05,43376.0,3,3,B,2,長球,,,1.0,3.0,497.0,324.0,1.0,6.0,404.0,610.0,,,,,9.0,544.0,324.0,8.0,713.0,600.0,0
6,10.0,00:24:07,43418.0,3,3,A,3,長球,1.0,,1.0,6.0,404.0,610.0,2.0,3.0,460.0,312.0,對手落地致勝,落地致勝,A,,4.0,400.0,623.0,8.0,578.0,366.0,0
7,1.0,00:24:22,43888.0,3,4,A,1,未知球種,,,2.0,,,,2.0,,,,,,,1.0,,,,,,,0
7,2.0,00:24:24,43924.0,3,4,B,2,推球,,,2.0,,,,1.0,5.0,821.0,591.0,,,,,7.0,698.0,391.0,8.0,635.0,547.0,0
7,3.0,00:24:25,43950.0,3,4,A,3,點扣,,,1.0,5.0,821.0,591.0,2.0,12.0,835.0,322.0,出界,對手出界,B,,8.0,732.0,591.0,8.0,673.0,369.0,0
8,1.0,00:24:41,44443.0,4,4,B,1,未知球種,,,2.0,,,,2.0,,,,,,,1.0,,,,,,,0
8,2.0,00:24:42,44469.0,4,4,A,2,放小球,,,2.0,,,,2.0,2.0,793.0,416.0,,,,,7.0,696.0,502.0,8.0,610.0,379.0,0
8,3.0,00:24:43,44496.0,4,4,B,3,放小球,,1.0,2.0,2.0,793.0,416.0,2.0,2.0,813.0,432.0,未過網,對手未過網,A,,7.0,729.0,410.0,8.0,697.0,514.0,0
9,1.0,00:24:56,44896.0,4,5,A,1,未知球種,,,2.0,,,,2.0,,,,,,,1.0,,,,,,,0
9,2.0,00:24:57,44913.0,4,5,B,2,挑球,,,2.0,,,,1.0,6.0,438.0,602.0,,,,,7.0,579.0,394.0,8.0,653.0,532.0,0
9,3.0,00:24:58,44946.0,4,5,A,2,過渡切球,,1.0,1.0,6.0,438.0,602.0,2.0,8.0,594.0,383.0,,,,,4.0,452.0,617.0,8.0,577.0,367.0,0
9,4.0,00:24:58,44960.0,4,5,B,2,放小球,,,2.0,8.0,594.0,383.0,2.0,7.0,776.0,481.0,,,,,8.0,561.0,367.0,8.0,537.0,576.0,0
9,5.0,00:24:59,44985.0,4,5,A,2,放小球,,,2.0,7.0,776.0,481.0,2.0,2.0,789.0,417.0,,,,,7.0,727.0,502.0,8.0,646.0,375.0,0
9,6.0,00:25:00,45010.0,4,5,B,2,推球,,1.0,2.0,2.0,789.0,417.0,2.0,5.0,854.0,597.0,,,,,7.0,741.0,408.0,8.0,723.0,526.0,0
9,7.0,00:25:01,45039.0,4,5,A,2,後場抽平球,,,2.0,5.0,854.0,597.0,1.0,6.0,772.0,357.0,,,,,8.0,786.0,604.0,8.0,674.0,379.0,0
9,8.0,00:25:01,45053.0,4,5,B,2,擋小球,,1.0,1.0,6.0,772.0,357.0,2.0,6.0,484.0,530.0,,,,,8.0,667.0,374.0,8.0,743.0,586.0,0
9,9.0,00:25:02,45072.0,4,5,A,2,放小球,,1.0,2.0,6.0,484.0,530.0,2.0,7.0,638.0,394.0,,,,,8.0,528.0,563.0,8.0,653.0,361.0,0
9,10.0,00:25:03,45093.0,4,5,B,2,放小球,,,2.0,7.0,638.0,394.0,2.0,7.0,628.0,472.0,,,,,8.0,661.0,389.0,8.0,590.0,534.0,0
9,11.0,00:25:03,45118.0,4,5,A,2,挑球,,1.0,2.0,7.0,628.0,472.0,1.0,9.0,731.0,320.0,,,,,7.0,683.0,487.0,8.0,622.0,390.0,0
9,12.0,00:25:05,45163.0,4,5,B,3,殺球,1.0,,1.0,9.0,731.0,320.0,2.0,5.0,798.0,554.0,對手落地致勝,落地致勝,B,,8.0,691.0,335.0,8.0,702.0,561.0,0
10,1.0,00:25:27,45839.0,4,6,B,1,未知球種,,,2.0,,,,2.0,,,,,,,1.0,,,,,,,0
10,2.0,00:25:29,45883.0,4,6,A,2,推球,,1.0,2.0,,,,2.0,8.0,691.0,369.0,,,,,7.0,582.0,505.0,8.0,628.0,379.0,0
10,3.0,00:25:29,45894.0,4,6,B,2,平球,,1.0,2.0,8.0,691.0,369.0,1.0,7.0,584.0,502.0,,,,,8.0,598.0,360.0,8.0,603.0,512.0,0
10,4.0,00:25:30,45904.0,4,6,A,2,平球,1.0,,1.0,7.0,584.0,502.0,2.0,8.0,633.0,361.0,,,,,8.0,679.0,530.0,8.0,599.0,365.0,0
10,5.0,00:25:30,45917.0,4,6,B,2,防守回挑,,1.0,2.0,8.0,633.0,361.0,1.0,9.0,605.0,622.0,,,,,8.0,602.0,360.0,8.0,650.0,557.0,0
10,6.0,00:25:31,45953.0,4,6,A,2,長球,,,1.0,9.0,605.0,622.0,1.0,4.0,755.0,323.0,,,,,9.0,560.0,645.0,8.0,592.0,370.0,0
10,7.0,00:25:32,45987.0,4,6,B,3,點扣,1.0,,1.0,4.0,755.0,323.0,2.0,5.0,862.0,586.0,對手落地致勝,落地致勝,B,,8.0,665.0,339.0,8.0,636.0,577.0,0
11,1.0,00:25:49,46480.0,5,6,B,1,未知球種,,,2.0,,,,2.0,,,,,,,1.0,,,,,,,0
11,2.0,00:25:50,46500.0,5,6,A,2,放小球,,,2.0,,,,2.0,1.0,480.0,401.0,,,,,8.0,702.0,509.0,8.0,634.0,378.0,0
11,3.0,00:25:50,46529.0,5,6,B,2,放小球,,,2.0,1.0,480.0,401.0,2.0,2.0,454.0,456.0,,,,,1.0,494.0,401.0,8.0,632.0,520.0,0
11,4.0,00:25:51,46554.0,5,6,A,2,勾球,,1.0,2.0,2.0,454.0,456.0,2.0,2.0,829.0,417.0,,,,,2.0,469.0,488.0,7.0,535.0,398.0,0
11,5.0,00:25:52,46582.0,5,6,B,2,挑球,,1.0,2.0,2.0,829.0,417.0,1.0,9.0,783.0,626.0,,,,,7.0,759.0,423.0,7.0,613.0,499.0,0
11,6.0,00:25:54,46644.0,5,6,A,2,殺球,,,1.0,9.0,783.0,626.0,2.0,5.0,489.0,355.0,,,,,9.0,757.0,631.0,8.0,646.0,373.0,0
11,7.0,00:25:55,46661.0,5,6,B,2,擋小球,,,2.0,5.0,489.0,355.0,2.0,2.0,493.0,503.0,,,,,8.0,590.0,359.0,13.0,743.0,660.0,0
11,8.0,00:25:56,46689.0,5,6,A,2,放小球,,1.0,2.0,2.0,493.0,503.0,2.0,5.0,442.0,389.0,,,,,8.0,523.0,529.0,8.0,545.0,364.0,0
11,9.0,00:25:57,46720.0,5,6,B,2,挑球,,,2.0,5.0,442.0,389.0,1.0,4.0,459.0,619.0,,,,,1.0,508.0,398.0,8.0,579.0,527.0,0
11,10.0,00:25:58,46767.0,5,6,A,2,殺球,,,1.0,4.0,459.0,619.0,2.0,5.0,487.0,353.0,,,,,9.0,487.0,634.0,8.0,584.0,381.0,0
11,11.0,00:25:59,46782.0,5,6,B,2,擋小球,,,2.0,5.0,487.0,353.0,2.0,2.0,467.0,471.0,,,,,8.0,549.0,368.0,9.0,503.0,627.0,0
11,12.0,00:26:00,46806.0,5,6,A,2,放小球,,1.0,2.0,2.0,467.0,471.0,2.0,1.0,424.0,423.0,,,,,2.0,492.0,500.0,8.0,529.0,366.0,0
11,13.0,00:26:01,46836.0,5,6,B,3,放小球,,,2.0,1.0,424.0,423.0,2.0,1.0,475.0,413.0,未過網,對手未過網,A,,1.0,455.0,429.0,7.0,570.0,478.0,0
12,1.0,00:26:17,47325.0,5,7,A,1,未知球種,,,2.0,,,,2.0,,,,,,,1.0,,,,,,,0
12,2.0,00:26:17,47334.0,5,7,B,2,挑球,,,2.0,,,,1.0,8.0,763.0,607.0,,,,,1.0,472.0,413.0,7.0,518.0,489.0,0
12,3.0,00:26:19,47383.0,5,7,A,2,殺球,,,1.0,8.0,763.0,607.0,2.0,8.0,647.0,351.0,,,,,8.0,731.0,599.0,8.0,606.0,366.0,0
12,4.0,00:26:19,47395.0,5,7,B,2,擋小球,,,2.0,8.0,647.0,351.0,2.0,7.0,566.0,494.0,,,,,8.0,562.0,358.0,8.0,797.0,598.0,0
12,5.0,00:26:20,47415.0,5,7,A,2,平球,,1.0,2.0,7.0,566.0,494.0,2.0,8.0,739.0,359.0,,,,,8.0,621.0,521.0,8.0,577.0,340.0,0
12,6.0,00:26:21,47430.0,5,7,B,2,防守回挑,,1.0,2.0,8.0,739.0,359.0,1.0,8.0,521.0,605.0,,,,,8.0,565.0,358.0,8.0,631.0,508.0,0
12,7.0,00:26:22,47466.0,5,7,A,2,過渡切球,1.0,,1.0,8.0,521.0,605.0,2.0,8.0,756.0,370.0,,,,,8.0,551.0,605.0,8.0,591.0,363.0,0
12,8.0,00:26:23,47494.0,5,7,B,2,推球,,1.0,2.0,8.0,756.0,370.0,2.0,3.0,867.0,615.0,,,,,8.0,727.0,385.0,8.0,599.0,591.0,0
12,9.0,00:26:24,47525.0,5,7,A,3,後場抽平球,,,2.0,3.0,867.0,615.0,2.0,11.0,845.0,329.0,出界,對手出界,B,,3.0,833.0,622.0,8.0,693.0,375.0,0
13,1.0,00:26:50,48325.0,5,8,B,1,發短球,,,2.0,,,,2.0,,,,,,,1.0,,,,,,,0
13,2.0,00:26:51,48349.0,5,8,A,2,放小球,,1.0,2.0,14.0,,,2.0,1.0,501.0,412.0,,,,,7.0,555.0,504.0,8.0,636.0,387.0,0
13,3.0,00:26:52,48377.0,5,8,B,2,挑球,,,2.0,1.0,501.0,412.0,1.0,4.0,407.0,628.0,,,,,7.0,525.0,408.0,8.0,573.0,524.0,0
13,4.0,00:26:54,48420.0,5,8,A,2,點扣,1.0,,1.0,4.0,407.0,628.0,2.0,5.0,480.0,363.0,,,,,8.0,500.0,602.0,8.0,568.0,369.0,0
13,5.0,00:26:54,48432.0,5,8,B,2,擋小球,,,2.0,5.0,480.0,363.0,2.0,1.0,788.0,497.0,,,,,8.0,519.0,368.0,4.0,444.0,626.0,0
13,6.0,00:26:55,48459.0,5,8,A,2,放小球,,,2.0,1.0,788.0,497.0,2.0,2.0,821.0,420.0,,,,,8.0,711.0,536.0,8.0,588.0,366.0,0
13,7.0,00:26:56,48490.0,5,8,B,2,挑球,,1.0,2.0,2.0,821.0,420.0,1.0,3.0,841.0,625.0,,,,,2.0,786.0,406.0,8.0,719.0,520.0,0
13,8.0,00:26:57,48535.0,5,8,A,3,點扣,,,1.0,3.0,841.0,625.0,2.0,7.0,567.0,455.0,未過網,對手未過網,B,,9.0,794.0,622.0,8.0,635.0,370.0,0
14,1.0,00:27:17,49133.0,5,9,B,1,發短球,,1.0,2.0,,,,2.0,7.0,707.0,500.0,,,,,8.0,618.0,366.0,8.0,723.0,547.0,0
14,2.0,00:27:18,49154.0,5,9,A,2,推球,,,2.0,7.0,707.0,500.0,1.0,9.0,525.0,320.0,,,,,8.0,709.0,517.0,8.0,632.0,369.0,0
14,3.0,00:27:19,49196.0,5,9,B,2,切球,,,1.0,9.0,525.0,320.0,2.0,8.0,505.0,530.0,,,,,8.0,574.0,328.0,8.0,611.0,512.0,0
14,4.0,00:27:20,49216.0,5,9,A,2,擋小球,,1.0,2.0,8.0,505.0,530.0,2.0,8.0,632.0,369.0,,,,,8.0,569.0,549.0,8.0,599.0,331.0,0
14,5.0,00:27:21,49238.0,5,9,B,2,推球,,,2.0,8.0,632.0,369.0,1.0,9.0,790.0,631.0,,,,,8.0,666.0,363.0,8.0,607.0,532.0,0
14,6.0,00:27:22,49270.0,5,9,A,2,長球,,,1.0,9.0,790.0,631.0,1.0,4.0,758.0,324.0,,,,,8.0,744.0,600.0,8.0,679.0,359.0,0
14,7.0,00:27:24,49323.0,5,9,B,2,點扣,1.0,,1.0,4.0,758.0,324.0,2.0,5.0,819.0,561.0,,,,,4.0,767.0,318.0,8.0,643.0,550.0,0
14,8.0,00:27:24,49337.0,5,9,A,2,勾球,,,2.0,5.0,819.0,561.0,2.0,8.0,572.0,382.0,,,,,8.0,653.0,574.0,4.0,773.0,319.0,0
14,9.0,00:27:25,49367.0,5,9,B,2,放小球,,,2.0,8.0,572.0,382.0,2.0,2.0,495.0,473.0,,,,,8.0,674.0,380.0,8.0,684.0,541.0,0
14,10.0,00:27:26,49393.0,5,9,A,2,推球,,1.0,2.0,2.0,495.0,473.0,1.0,4.0,754.0,320.0,,,,,8.0,550.0,508.0,8.0,613.0,359.0,0
14,11.0,00:27:27,49430.0,5,9,B,2,長球,1.0,,1.0,4.0,754.0,320.0,1.0,4.0,447.0,637.0,,,,,9.0,728.0,324.0,8.0,640.0,539.0,0
14,12.0,00:27:29,49473.0,5,9,A,2,長球,1.0,,1.0,4.0,447.0,637.0,1.0,9.0,692.0,313.0,,,,,4.0,453.0,620.0,8.0,662.0,340.0,0
14,13.0,00:27:30,49509.0,5,9,B,3,長球,1.0,,1.0,9.0,692.0,313.0,2.0,3.0,869.0,655.0,落點判斷失誤,對手落點判斷失誤,B,,8.0,670.0,327.0,8.0,617.0,565.0,0
15,1.0,00:28:12,50780.0,6,9,B,1,未知球種,,,2.0,,,,,,,,,,,1.0,,,,,,,0
15,2.0,00:28:12,50780.0,6,9,A,2,未知球種,,,2.0,,,,2.0,,,,,,,1.0,,,,,,,0
15,3.0,00:28:14,50829.0,6,9,B,3,長球,,,2.0,,,,2.0,14.0,934.0,631.0,出界,對手出界,A,,9.0,531.0,325.0,8.0,592.0,533.0,0
16,1.0,00:28:28,51263.0,7,9,A,1,發短球,,1.0,2.0,,,,2.0,8.0,576.0,387.0,,,,,8.0,654.0,531.0,8.0,576.0,356.0,0
16,2.0,00:28:29,51287.0,7,9,B,2,推球,,,2.0,8.0,576.0,387.0,1.0,4.0,449.0,629.0,,,,,8.0,589.0,375.0,8.0,638.0,539.0,0
16,3.0,00:28:30,51324.0,7,9,A,2,過渡切球,,1.0,1.0,4.0,449.0,629.0,2.0,6.0,826.0,382.0,,,,,9.0,495.0,620.0,8.0,615.0,356.0,0
16,4.0,00:28:31,51350.0,7,9,B,3,放小球,,1.0,2.0,6.0,826.0,382.0,2.0,2.0,808.0,433.0,掛網,對手掛網,A,,8.0,711.0,376.0,8.0,638.0,571.0,0
17,1.0,00:28:43,51714.0,8,9,A,1,發短球,,1.0,2.0,,,,2.0,8.0,717.0,385.0,,,,,8.0,623.0,534.0,8.0,707.0,363.0,0
17,2.0,00:28:44,51740.0,8,9,B,2,放小球,,1.0,2.0,8.0,717.0,385.0,2.0,7.0,638.0,484.0,,,,,8.0,694.0,381.0,8.0,617.0,527.0,0
17,3.0,00:28:45,51762.0,8,9,A,2,放小球,,1.0,2.0,7.0,638.0,484.0,2.0,7.0,661.0,413.0,,,,,7.0,626.0,499.0,8.0,655.0,381.0,0
17,4.0,00:28:46,51787.0,8,9,B,2,挑球,,1.0,2.0,7.0,661.0,413.0,1.0,9.0,539.0,635.0,,,,,8.0,623.0,386.0,7.0,640.0,482.0,0
17,5.0,00:28:47,51832.0,8,9,A,2,切球,1.0,,1.0,9.0,539.0,635.0,2.0,6.0,830.0,385.0,,,,,9.0,539.0,639.0,8.0,641.0,363.0,0
17,6.0,00:28:48,51858.0,8,9,B,2,放小球,,1.0,2.0,6.0,830.0,385.0,2.0,1.0,848.0,497.0,,,,,8.0,739.0,371.0,8.0,624.0,603.0,0
17,7.0,00:28:49,51887.0,8,9,A,2,放小球,,,2.0,1.0,848.0,497.0,2.0,2.0,807.0,418.0,,,,,5.0,802.0,520.0,8.0,703.0,358.0,0
17,8.0,00:28:50,51915.0,8,9,B,3,放小球,,1.0,2.0,2.0,807.0,418.0,2.0,2.0,832.0,427.0,掛網,對手掛網,A,,2.0,775.0,395.0,8.0,747.0,515.0,0
18,1.0,00:29:03,52318.0,8,10,A,1,發短球,,1.0,2.0,,,,2.0,7.0,571.0,392.0,,,,,8.0,655.0,532.0,8.0,577.0,369.0,0
18,2.0,00:29:04,52342.0,8,10,B,2,放小球,,,2.0,7.0,571.0,392.0,2.0,1.0,791.0,466.0,,,,,8.0,592.0,379.0,8.0,628.0,533.0,0
18,3.0,00:29:05,52365.0,8,10,A,2,放小球,,,2.0,1.0,791.0,466.0,2.0,7.0,765.0,421.0,,,,,8.0,752.0,509.0,8.0,631.0,361.0,0
18,4.0,00:29:06,52389.0,8,10,B,2,挑球,,1.0,2.0,7.0,765.0,421.0,1.0,4.0,460.0,623.0,,,,,7.0,718.0,402.0,8.0,699.0,513.0,0
18,5.0,00:29:07,52435.0,8,10,A,2,殺球,1.0,,1.0,4.0,460.0,623.0,2.0,5.0,475.0,352.0,,,,,4.0,434.0,639.0,8.0,622.0,338.0,0
18,6.0,00:29:09,52472.0,8,10,B,2,擋小球,,,2.0,5.0,475.0,352.0,2.0,2.0,473.0,501.0,,,,,8.0,603.0,357.0,6.0,469.0,533.0,0
18,7.0,00:29:09,52476.0,8,10,A,2,放小球,,1.0,2.0,2.0,473.0,501.0,2.0,1.0,476.0,410.0,,,,,6.0,471.0,522.0,8.0,615.0,353.0,0
18,8.0,00:29:10,52502.0,8,10,B,2,挑球,,,2.0,1.0,476.0,410.0,1.0,9.0,790.0,650.0,,,,,8.0,548.0,382.0,7.0,536.0,506.0,0
18,9.0,00:29:11,52557.0,8,10,A,2,長球,,,1.0,9.0,790.0,650.0,1.0,9.0,738.0,314.0,,,,,9.0,700.0,634.0,8.0,665.0,361.0,0
18,10.0,00:29:13,52591.0,8,10,B,3,殺球,1.0,,1.0,9.0,738.0,314.0,2.0,5.0,826.0,581.0,對手落地致勝,落地致勝,B,,9.0,732.0,317.0,8.0,648.0,589.0,0
19,1.0,00:29:37,53319.0,8,11,B,1,未知球種,,,2.0,,,,2.0,,,,,,,1.0,,,,,,,0
19,2.0,00:29:37,53339.0,8,11,A,2,挑球,,,2.0,,,,1.0,4.0,792.0,314.0,,,,,7.0,704.0,506.0,8.0,613.0,379.0,0
19,3.0,00:29:39,53376.0,8,11,B,2,長球,1.0,,1.0,4.0,792.0,314.0,1.0,9.0,505.0,616.0,,,,,8.0,680.0,340.0,8.0,674.0,543.0,0
19,4.0,00:29:40,53419.0,8,11,A,3,殺球,1.0,,1.0,9.0,505.0,616.0,2.0,15.0,404.0,328.0,出界,對手出界,B,,8.0,521.0,612.0,8.0,619.0,367.0,0
20,1.0,00:30:54,55631.0,8,12,B,1,發短球,,1.0,2.0,,,,2.0,7.0,535.0,499.0,,,,,8.0,659.0,369.0,8.0,528.0,524.0,0
20,2.0,00:30:55,55651.0,8,12,A,2,推球,,,2.0,7.0,535.0,499.0,1.0,9.0,529.0,310.0,,,,,8.0,542.0,513.0,8.0,648.0,361.0,0
20,3.0,00:30:56,55686.0,8,12,B,2,長球,,,1.0,9.0,529.0,310.0,1.0,6.0,399.0,613.0,,,,,9.0,577.0,325.0,8.0,580.0,538.0,0
20,4.0,00:30:57,55719.0,8,12,A,2,長球,,1.0,1.0,6.0,399.0,613.0,1.0,9.0,545.0,323.0,,,,,6.0,467.0,602.0,8.0,613.0,334.0,0
20,5.0,00:30:58,55745.0,8,12,B,3,殺球,,,1.0,9.0,545.0,323.0,2.0,5.0,820.0,571.0,對手落地致勝,落地致勝,B,,9.0,566.0,321.0,8.0,589.0,578.0,0
21,1.0,00:31:12,56186.0,9,12,B,1,發短球,,1.0,2.0,,,,2.0,7.0,697.0,506.0,,,,,8.0,617.0,367.0,8.0,716.0,544.0,0
21,2.0,00:31:13,56204.0,9,12,A,2,放小球,,1.0,2.0,7.0,697.0,506.0,2.0,7.0,742.0,406.0,,,,,8.0,712.0,523.0,8.0,642.0,366.0,0
21,3.0,00:31:14,56227.0,9,12,B,2,推球,,1.0,2.0,7.0,742.0,406.0,1.0,6.0,453.0,610.0,,,,,8.0,702.0,387.0,8.0,671.0,518.0,0
21,4.0,00:31:15,56261.0,9,12,A,2,過渡切球,,1.0,1.0,6.0,453.0,610.0,2.0,8.0,575.0,367.0,,,,,8.0,516.0,607.0,8.0,626.0,363.0,0
21,5.0,00:31:16,56280.0,9,12,B,2,推球,,,2.0,8.0,575.0,367.0,1.0,4.0,436.0,642.0,,,,,8.0,630.0,366.0,8.0,583.0,585.0,0
21,6.0,00:31:17,56321.0,9,12,A,2,點扣,1.0,,1.0,4.0,436.0,642.0,2.0,5.0,473.0,349.0,,,,,4.0,461.0,635.0,8.0,626.0,350.0,0
21,7.0,00:31:18,56355.0,9,12,B,2,擋小球,,,2.0,5.0,473.0,349.0,1.0,2.0,470.0,506.0,,,,,8.0,582.0,351.0,8.0,501.0,526.0,0
21,8.0,00:31:18,56355.0,9,12,A,2,放小球,,1.0,1.0,2.0,470.0,506.0,2.0,7.0,647.0,391.0,,,,,8.0,503.0,542.0,8.0,597.0,347.0,0
21,9.0,00:31:19,56377.0,9,12,B,2,放小球,,1.0,2.0,7.0,647.0,391.0,1.0,7.0,620.0,475.0,,,,,8.0,621.0,376.0,8.0,588.0,525.0,0
21,10.0,00:31:20,56402.0,9,12,A,2,放小球,,1.0,1.0,7.0,620.0,475.0,2.0,2.0,785.0,411.0,,,,,7.0,625.0,499.0,8.0,635.0,370.0,0
21,11.0,00:31:20,56425.0,9,12,B,2,推球,,1.0,2.0,2.0,785.0,411.0,2.0,4.0,422.0,630.0,,,,,7.0,691.0,404.0,7.0,670.0,504.0,0
21,12.0,00:31:22,56470.0,9,12,A,2,後場抽平球,,1.0,2.0,4.0,422.0,630.0,2.0,5.0,473.0,354.0,,,,,9.0,501.0,619.0,8.0,625.0,365.0,0
21,13.0,00:31:23,56508.0,9,12,B,2,擋小球,,,2.0,5.0,473.0,354.0,2.0,2.0,458.0,505.0,,,,,8.0,576.0,357.0,8.0,523.0,582.0,0
21,14.0,00:31:23,56511.0,9,12,A,2,推球,,1.0,2.0,2.0,458.0,505.0,1.0,6.0,786.0,327.0,,,,,8.0,493.0,533.0,8.0,582.0,347.0,0
21,15.0,00:31:24,56541.0,9,12,B,2,殺球,1.0,,1.0,6.0,786.0,327.0,2.0,5.0,843.0,562.0,,,,,8.0,716.0,330.0,8.0,636.0,553.0,0
21,16.0,00:31:25,56553.0,9,12,A,2,擋小球,,,2.0,5.0,843.0,562.0,1.0,6.0,792.0,361.0,,,,,8.0,698.0,566.0,6.0,785.0,338.0,0
21,17.0,00:31:25,56575.0,9,12,B,2,平球,1.0,,1.0,6.0,792.0,361.0,1.0,8.0,551.0,545.0,,,,,6.0,795.0,358.0,8.0,760.0,569.0,0
21,18.0,00:31:26,56585.0,9,12,A,2,平球,,1.0,1.0,8.0,551.0,545.0,1.0,8.0,534.0,349.0,,,,,8.0,684.0,563.0,6.0,770.0,374.0,0
21,19.0,00:31:26,56606.0,9,12,B,2,殺球,,,1.0,8.0,534.0,349.0,2.0,6.0,426.0,566.0,,,,,8.0,617.0,353.0,8.0,588.0,544.0,0
21,20.0,00:31:27,56619.0,9,12,A,2,勾球,,1.0,2.0,6.0,426.0,566.0,2.0,8.0,708.0,380.0,,,,,8.0,616.0,575.0,8.0,539.0,342.0,0
21,21.0,00:31:28,56647.0,9,12,B,2,推球,,1.0,2.0,8.0,708.0,380.0,1.0,3.0,865.0,642.0,,,,,8.0,631.0,363.0,8.0,601.0,570.0,0
21,22.0,00:31:29,56679.0,9,12,A,2,過渡切球,,,1.0,3.0,865.0,642.0,2.0,6.0,805.0,369.0,,,,,9.0,733.0,621.0,8.0,687.0,365.0,0
21,23.0,00:31:30,56703.0,9,12,B,2,勾球,,1.0,2.0,6.0,805.0,369.0,2.0,7.0,504.0,500.0,,,,,8.0,735.0,360.0,8.0,686.0,569.0,0
21,24.0,00:31:30,56728.0,9,12,A,2,推球,,1.0,2.0,7.0,504.0,500.0,1.0,9.0,742.0,316.0,,,,,8.0,577.0,516.0,8.0,686.0,352.0,0
21,25.0,00:31:32,56763.0,9,12,B,2,長球,1.0,,1.0,9.0,742.0,316.0,1.0,3.0,836.0,633.0,,,,,8.0,716.0,329.0,8.0,636.0,520.0,0
21,26.0,00:31:33,56792.0,9,12,A,2,切球,,,1.0,3.0,836.0,633.0,2.0,6.0,761.0,380.0,,,,,8.0,756.0,614.0,8.0,708.0,348.0,0
21,27.0,00:31:33,56812.0,9,12,B,2,推球,,1.0,2.0,6.0,761.0,380.0,1.0,9.0,478.0,624.0,,,,,8.0,710.0,368.0,8.0,715.0,594.0,0
21,28.0,00:31:35,56856.0,9,12,A,2,切球,,1.0,1.0,9.0,478.0,624.0,2.0,8.0,595.0,370.0,,,,,8.0,529.0,607.0,8.0,636.0,358.0,0
21,29.0,00:31:35,56873.0,9,12,B,2,推球,,,2.0,8.0,595.0,370.0,1.0,9.0,789.0,645.0,,,,,8.0,646.0,368.0,8.0,587.0,605.0,0
21,30.0,00:31:37,56912.0,9,12,A,2,切球,,,1.0,9.0,789.0,645.0,2.0,8.0,682.0,367.0,,,,,9.0,711.0,628.0,8.0,650.0,353.0,0
21,31.0,00:31:37,56931.0,9,12,B,2,勾球,,1.0,2.0,8.0,682.0,367.0,2.0,2.0,443.0,494.0,,,,,8.0,656.0,365.0,8.0,678.0,575.0,0
21,32.0,00:31:38,56960.0,9,12,A,2,放小球,,1.0,2.0,2.0,443.0,494.0,2.0,1.0,453.0,409.0,,,,,8.0,499.0,518.0,8.0,639.0,360.0,0
21,33.0,00:31:39,56984.0,9,12,B,2,挑球,,,2.0,1.0,453.0,409.0,1.0,9.0,743.0,642.0,,,,,8.0,535.0,390.0,7.0,505.0,505.0,0
21,34.0,00:31:41,57048.0,9,12,A,2,切球,,,1.0,9.0,743.0,642.0,2.0,6.0,771.0,375.0,,,,,9.0,685.0,640.0,8.0,654.0,372.0,0
21,35.0,00:31:42,57069.0,9,12,B,2,推球,,1.0,2.0,6.0,771.0,375.0,1.0,3.0,856.0,628.0,,,,,8.0,722.0,364.0,8.0,684.0,587.0,0
21,36.0,00:31:43,57105.0,9,12,A,2,長球,,,1.0,3.0,856.0,628.0,1.0,4.0,791.0,325.0,,,,,8.0,785.0,614.0,8.0,669.0,344.0,0
21,37.0,00:31:44,57138.0,9,12,B,2,長球,1.0,,1.0,4.0,791.0,325.0,1.0,6.0,469.0,613.0,,,,,4.0,765.0,326.0,8.0,679.0,569.0,0
21,38.0,00:31:45,57169.0,9,12,A,2,長球,1.0,,1.0,6.0,469.0,613.0,1.0,3.0,508.0,323.0,,,,,8.0,508.0,608.0,8.0,682.0,349.0,0
21,39.0,00:31:46,57208.0,9,12,B,2,長球,,,1.0,3.0,508.0,323.0,2.0,4.0,399.0,633.0,,,,,9.0,527.0,311.0,8.0,590.0,567.0,0
21,40.0,00:31:48,57243.0,9,12,A,2,過渡切球,,1.0,2.0,4.0,399.0,633.0,2.0,7.0,751.0,409.0,,,,,8.0,492.0,614.0,8.0,580.0,336.0,0
21,41.0,00:31:49,57273.0,9,12,B,3,放小球,,1.0,2.0,7.0,751.0,409.0,2.0,2.0,800.0,435.0,未過網,對手未過網,A,,8.0,681.0,379.0,8.0,619.0,568.0,0
22,1.0,00:32:16,58102.0,9,13,A,1,發短球,,1.0,2.0,,,,2.0,8.0,679.0,388.0,,,,,8.0,617.0,535.0,8.0,718.0,367.0,0
22,2.0,00:32:17,58121.0,9,13,B,2,推球,,,2.0,8.0,679.0,388.0,1.0,3.0,868.0,642.0,,,,,8.0,702.0,373.0,8.0,623.0,548.0,0
22,3.0,00:32:18,58159.0,9,13,A,2,過渡切球,,,1.0,3.0,868.0,642.0,1.0,6.0,761.0,372.0,,,,,9.0,760.0,627.0,8.0,680.0,360.0,0
22,4.0,00:32:19,58178.0,9,13,B,2,平球,,1.0,1.0,6.0,761.0,372.0,1.0,8.0,505.0,560.0,,,,,8.0,697.0,361.0,8.0,710.0,579.0,0
22,5.0,00:32:19,58193.0,9,13,A,3,擋小球,,1.0,1.0,8.0,505.0,560.0,2.0,7.0,644.0,436.0,未過網,對手未過網,B,,8.0,650.0,558.0,8.0,682.0,368.0,0
23,1.0,00:32:36,58695.0,9,14,B,1,發短球,,1.0,2.0,,,,2.0,7.0,553.0,501.0,,,,,8.0,662.0,366.0,8.0,531.0,535.0,0
23,2.0,00:32:37,58716.0,9,14,A,2,放小球,,,2.0,7.0,553.0,501.0,2.0,2.0,773.0,409.0,,,,,8.0,546.0,521.0,8.0,659.0,363.0,0
23,3.0,00:32:38,58748.0,9,14,B,2,推球,,1.0,2.0,2.0,773.0,409.0,1.0,9.0,526.0,636.0,,,,,7.0,711.0,392.0,8.0,646.0,537.0,0
23,4.0,00:32:39,58784.0,9,14,A,2,長球,1.0,,1.0,9.0,526.0,636.0,1.0,9.0,725.0,318.0,,,,,9.0,562.0,622.0,8.0,648.0,360.0,0
23,5.0,00:32:40,58826.0,9,14,B,2,長球,1.0,,1.0,9.0,725.0,318.0,1.0,9.0,492.0,650.0,,,,,9.0,725.0,319.0,8.0,642.0,556.0,0
23,6.0,00:32:42,58869.0,9,14,A,2,切球,1.0,,1.0,9.0,492.0,650.0,2.0,8.0,732.0,380.0,,,,,9.0,500.0,637.0,8.0,656.0,347.0,0
23,7.0,00:32:43,58891.0,9,14,B,2,放小球,,1.0,2.0,8.0,732.0,380.0,1.0,7.0,630.0,491.0,,,,,8.0,685.0,363.0,8.0,556.0,579.0,0
23,8.0,00:32:43,58914.0,9,14,A,2,放小球,,,1.0,7.0,630.0,491.0,2.0,7.0,578.0,423.0,,,,,8.0,611.0,514.0,8.0,664.0,365.0,0
23,9.0,00:32:44,58939.0,9,14,B,2,挑球,,1.0,2.0,7.0,578.0,423.0,1.0,9.0,480.0,645.0,,,,,7.0,626.0,394.0,7.0,628.0,496.0,0
23,10.0,00:32:46,58998.0,9,14,A,2,殺球,1.0,,1.0,9.0,480.0,645.0,2.0,8.0,748.0,352.0,,,,,4.0,455.0,642.0,8.0,633.0,361.0,0
23,11.0,00:32:47,59012.0,9,14,B,2,擋小球,,1.0,2.0,8.0,748.0,352.0,2.0,5.0,792.0,538.0,,,,,8.0,661.0,350.0,8.0,481.0,600.0,0
23,12.0,00:32:47,59036.0,9,14,A,2,推球,,,2.0,5.0,792.0,538.0,1.0,8.0,556.0,327.0,,,,,8.0,686.0,538.0,8.0,689.0,359.0,0
23,13.0,00:32:48,59060.0,9,14,B,2,切球,,,1.0,8.0,556.0,327.0,2.0,8.0,763.0,509.0,,,,,8.0,609.0,343.0,8.0,621.0,561.0,0
23,14.0,00:32:49,59086.0,9,14,A,2,放小球,,,2.0,8.0,763.0,509.0,2.0,2.0,796.0,423.0,,,,,8.0,675.0,536.0,8.0,582.0,338.0,0
23,15.0,00:32:50,59114.0,9,14,B,2,推球,,1.0,2.0,2.0,796.0,423.0,1.0,3.0,853.0,638.0,,,,,7.0,735.0,403.0,8.0,728.0,533.0,0
23,16.0,00:32:51,59148.0,9,14,A,2,長球,,,1.0,3.0,853.0,638.0,1.0,6.0,752.0,327.0,,,,,8.0,769.0,600.0,8.0,699.0,366.0,0
23,17.0,00:32:53,59193.0,9,14,B,2,點扣,1.0,,1.0,6.0,752.0,327.0,2.0,5.0,824.0,553.0,,,,,8.0,743.0,332.0,8.0,656.0,559.0,0
23,18.0,00:32:53,59213.0,9,14,A,2,長球,,,2.0,5.0,824.0,553.0,1.0,4.0,750.0,316.0,,,,,8.0,693.0,565.0,8.0,724.0,333.0,0
23,19.0,00:32:55,59277.0,9,14,B,2,長球,1.0,,1.0,4.0,750.0,316.0,1.0,5.0,821.0,577.0,,,,,8.0,726.0,336.0,8.0,749.0,601.0,0
23,20.0,00:32:55,59277.0,9,14,A,2,切球,,,1.0,5.0,821.0,577.0,2.0,8.0,561.0,376.0,,,,,8.0,746.0,588.0,8.0,725.0,327.0,0
23,21.0,00:32:56,59296.0,9,14,B,2,推球,,,2.0,8.0,561.0,376.0,1.0,4.0,409.0,623.0,,,,,8.0,636.0,376.0,8.0,774.0,566.0,0
23,22.0,00:32:57,59335.0,9,14,A,3,長球,,1.0,1.0,4.0,409.0,623.0,2.0,14.0,421.0,316.0,出界,對手出界,B,,8.0,486.0,610.0,8.0,607.0,351.0,0
24,1.0,00:33:17,59926.0,9,15,B,1,未知球種,,,2.0,,,,2.0,,,,,,,1.0,,,,,,,0
24,2.0,00:33:18,59965.0,9,15,A,2,推球,,1.0,2.0,,,,1.0,6.0,789.0,332.0,,,,,8.0,717.0,514.0,8.0,641.0,369.0,0
24,3.0,00:33:19,59992.0,9,15,B,2,長球,1.0,,1.0,6.0,789.0,332.0,1.0,4.0,416.0,617.0,,,,,8.0,664.0,352.0,8.0,704.0,547.0,0
24,4.0,00:33:21,60032.0,9,15,A,3,過渡切球,1.0,,1.0,4.0,416.0,617.0,2.0,7.0,744.0,453.0,掛網,對手掛網,B,,9.0,493.0,616.0,9.0,634.0,323.0,0
25,1.0,00:33:41,60643.0,10,15,B,1,未知球種,,,2.0,,,,2.0,,,,,,,1.0,,,,,,,0
25,2.0,00:33:42,60662.0,10,15,A,2,推球,,1.0,2.0,,,,1.0,8.0,717.0,352.0,,,,,7.0,607.0,489.0,8.0,645.0,380.0,0
25,3.0,00:33:42,60674.0,10,15,B,2,長球,,1.0,1.0,8.0,717.0,352.0,2.0,6.0,462.0,581.0,,,,,8.0,626.0,370.0,7.0,628.0,497.0,0
25,4.0,00:33:43,60704.0,10,15,A,2,後場抽平球,,1.0,2.0,6.0,462.0,581.0,2.0,8.0,521.0,357.0,,,,,8.0,524.0,593.0,8.0,610.0,359.0,0
25,5.0,00:33:43,60718.0,10,15,B,2,平球,,,2.0,8.0,521.0,357.0,1.0,8.0,748.0,523.0,,,,,8.0,564.0,360.0,8.0,555.0,573.0,0
25,6.0,00:33:44,60731.0,10,15,A,2,平球,,,1.0,8.0,748.0,523.0,1.0,8.0,570.0,371.0,,,,,8.0,666.0,560.0,8.0,571.0,361.0,0
25,7.0,00:33:44,60746.0,10,15,B,2,擋小球,,,1.0,8.0,570.0,371.0,1.0,8.0,621.0,555.0,,,,,8.0,582.0,370.0,8.0,692.0,552.0,0
25,8.0,00:33:45,60765.0,10,15,A,2,點扣,1.0,,1.0,8.0,621.0,555.0,2.0,6.0,765.0,361.0,,,,,8.0,636.0,551.0,8.0,583.0,364.0,0
25,9.0,00:33:45,60779.0,10,15,B,2,擋小球,,1.0,2.0,6.0,765.0,361.0,2.0,1.0,788.0,491.0,,,,,8.0,567.0,365.0,9.0,602.0,620.0,0
25,10.0,00:33:47,60811.0,10,15,A,2,放小球,,,2.0,1.0,788.0,491.0,2.0,2.0,839.0,415.0,,,,,8.0,725.0,535.0,8.0,612.0,362.0,0
25,11.0,00:33:48,60844.0,10,15,B,2,挑球,,1.0,2.0,2.0,839.0,415.0,1.0,9.0,755.0,620.0,,,,,2.0,810.0,406.0,8.0,712.0,508.0,0
25,12.0,00:33:50,60901.0,10,15,A,2,切球,,,1.0,9.0,755.0,620.0,2.0,2.0,820.0,394.0,,,,,9.0,708.0,633.0,8.0,649.0,374.0,0
25,13.0,00:33:50,60925.0,10,15,B,2,挑球,,1.0,2.0,2.0,820.0,394.0,1.0,8.0,542.0,600.0,,,,,6.0,775.0,391.0,8.0,719.0,570.0,0
25,14.0,00:33:51,60958.0,10,15,A,2,切球,1.0,,1.0,8.0,542.0,600.0,2.0,6.0,823.0,380.0,,,,,9.0,589.0,632.0,8.0,648.0,370.0,0
25,15.0,00:33:52,60985.0,10,15,B,2,放小球,,1.0,2.0,6.0,823.0,380.0,2.0,1.0,808.0,472.0,,,,,8.0,750.0,389.0,8.0,598.0,587.0,0
25,16.0,00:33:53,61012.0,10,15,A,2,勾球,,,2.0,1.0,808.0,472.0,2.0,1.0,431.0,422.0,,,,,1.0,790.0,504.0,8.0,693.0,362.0,0
25,17.0,00:33:54,61041.0,10,15,B,2,挑球,,,2.0,1.0,431.0,422.0,1.0,5.0,897.0,590.0,,,,,1.0,491.0,426.0,7.0,680.0,494.0,0
25,18.0,00:33:56,61102.0,10,15,A,2,切球,,,1.0,5.0,897.0,590.0,2.0,1.0,505.0,398.0,,,,,3.0,849.0,619.0,8.0,603.0,375.0,0
25,19.0,00:33:57,61128.0,10,15,B,2,挑球,,,2.0,1.0,505.0,398.0,2.0,4.0,392.0,615.0,,,,,8.0,519.0,383.0,5.0,806.0,576.0,0
25,20.0,00:33:58,61168.0,10,15,A,2,過渡切球,,1.0,2.0,4.0,392.0,615.0,2.0,1.0,487.0,403.0,,,,,4.0,438.0,629.0,8.0,569.0,373.0,0
25,21.0,00:33:59,61197.0,10,15,B,2,挑球,,,2.0,1.0,487.0,403.0,1.0,3.0,807.0,617.0,,,,,8.0,525.0,383.0,8.0,587.0,567.0,0
25,22.0,00:34:01,61231.0,10,15,A,2,長球,,,1.0,3.0,807.0,617.0,1.0,4.0,790.0,325.0,,,,,9.0,751.0,628.0,8.0,622.0,374.0,0
25,23.0,00:34:02,61264.0,10,15,B,2,長球,1.0,,1.0,4.0,790.0,325.0,1.0,3.0,911.0,631.0,,,,,8.0,700.0,346.0,8.0,687.0,569.0,0
25,24.0,00:34:03,61310.0,10,15,A,2,長球,,,1.0,3.0,911.0,631.0,1.0,4.0,756.0,323.0,,,,,3.0,885.0,625.0,8.0,692.0,346.0,0
25,25.0,00:34:04,61347.0,10,15,B,2,長球,1.0,,1.0,4.0,756.0,323.0,1.0,8.0,496.0,605.0,,,,,8.0,706.0,332.0,8.0,696.0,598.0,0
25,26.0,00:34:06,61388.0,10,15,A,2,點扣,1.0,,1.0,8.0,496.0,605.0,2.0,5.0,469.0,373.0,,,,,9.0,507.0,623.0,8.0,636.0,353.0,0
25,27.0,00:34:06,61405.0,10,15,B,2,後場抽平球,,,2.0,5.0,469.0,373.0,1.0,6.0,391.0,580.0,,,,,8.0,527.0,371.0,9.0,522.0,645.0,0
25,28.0,00:34:07,61429.0,10,15,A,3,點扣,1.0,,1.0,6.0,391.0,580.0,2.0,6.0,826.0,348.0,對手落地致勝,落地致勝,A,,6.0,465.0,575.0,8.0,562.0,365.0,0
26,1.0,00:34:38,62354.0,11,15,A,1,發短球,,1.0,2.0,,,,2.0,5.0,486.0,389.0,,,,,8.0,646.0,532.0,8.0,576.0,369.0,0
26,2.0,00:34:39,62377.0,11,15,B,2,推球,,,2.0,5.0,486.0,389.0,1.0,3.0,833.0,644.0,,,,,8.0,567.0,377.0,8.0,620.0,535.0,0
26,3.0,00:34:40,62411.0,11,15,A,2,點扣,,,1.0,3.0,833.0,644.0,2.0,6.0,788.0,359.0,,,,,9.0,745.0,627.0,8.0,658.0,377.0,0
26,4.0,00:34:40,62425.0,11,15,B,2,擋小球,,1.0,2.0,6.0,788.0,359.0,2.0,5.0,811.0,518.0,,,,,8.0,686.0,364.0,8.0,745.0,596.0,0
26,5.0,00:34:41,62444.0,11,15,A,2,平球,,,2.0,5.0,811.0,518.0,2.0,6.0,793.0,356.0,,,,,8.0,733.0,545.0,8.0,686.0,339.0,0
26,6.0,00:34:42,62463.0,11,15,B,2,推球,,1.0,2.0,6.0,793.0,356.0,1.0,5.0,850.0,587.0,,,,,8.0,707.0,349.0,8.0,708.0,561.0,0
26,7.0,00:34:42,62487.0,11,15,A,3,點扣,,,1.0,5.0,850.0,587.0,2.0,5.0,459.0,378.0,對手落地致勝,落地致勝,A,,8.0,788.0,572.0,8.0,690.0,353.0,0
27,1.0,00:35:00,63000.0,11,16,A,3,未知球種,,,2.0,2.0,808.0,396.0,2.0,2.0,808.0,396.0,出界,對手出界,B,,8.0,617.0,533.0,8.0,716.0,365.0,0
28,1.0,00:35:59,64795.0,11,17,B,1,發短球,,1.0,2.0,,,,2.0,8.0,695.0,508.0,,,,,8.0,624.0,364.0,8.0,716.0,543.0,0
28,2.0,00:36:00,64819.0,11,17,A,2,推球,,1.0,2.0,8.0,695.0,508.0,1.0,9.0,535.0,323.0,,,,,8.0,717.0,520.0,8.0,652.0,343.0,0
28,3.0,00:36:01,64852.0,11,17,B,2,過渡切球,,,1.0,9.0,535.0,323.0,2.0,5.0,848.0,513.0,,,,,8.0,575.0,331.0,8.0,620.0,546.0,0
28,4.0,00:36:02,64881.0,11,17,A,2,平球,,,2.0,5.0,848.0,513.0,1.0,2.0,783.0,412.0,,,,,8.0,779.0,545.0,8.0,663.0,346.0,0
28,5.0,00:36:03,64907.0,11,17,B,3,撲球,,1.0,1.0,2.0,783.0,412.0,2.0,9.0,508.0,624.0,對手落地致勝,落地致勝,B,,7.0,749.0,406.0,8.0,748.0,535.0,0
29,1.0,00:36:18,65361.0,11,18,B,1,未知球種,,,2.0,,,,,,,,,,,1.0,,,,,,,0
29,2.0,00:36:18,65361.0,11,18,A,2,未知球種,,,2.0,,,,2.0,,,,,,,1.0,,,,,,,0
29,3.0,00:36:19,65371.0,11,18,B,3,推球,,,2.0,,,,2.0,3.0,873.0,627.0,對手落地致勝,落地致勝,B,,7.0,643.0,394.0,8.0,627.0,514.0,0
30,1.0,00:36:31,65753.0,12,18,B,1,未知球種,,,2.0,,,,,,,,,,,1.0,,,,,,,0
30,2.0,00:36:31,65753.0,12,18,A,2,未知球種,,,2.0,,,,2.0,,,,,,,1.0,,,,,,,0
30,3.0,00:36:32,65762.0,12,18,B,3,推球,,1.0,2.0,,,,2.0,11.0,340.0,613.0,出界,對手出界,A,,7.0,752.0,407.0,8.0,663.0,529.0,0
31,1.0,00:36:46,66189.0,13,18,A,1,發短球,,1.0,2.0,,,,2.0,8.0,570.0,384.0,,,,,8.0,651.0,539.0,8.0,567.0,365.0,0
31,2.0,00:36:47,66211.0,13,18,B,2,推球,,,2.0,8.0,570.0,384.0,1.0,4.0,425.0,631.0,,,,,8.0,588.0,381.0,8.0,628.0,548.0,0
31,3.0,00:36:48,66245.0,13,18,A,2,過渡切球,,1.0,1.0,4.0,425.0,631.0,2.0,8.0,592.0,371.0,,,,,8.0,487.0,614.0,8.0,619.0,359.0,0
31,4.0,00:36:48,66265.0,13,18,B,2,放小球,,,2.0,8.0,592.0,371.0,2.0,8.0,713.0,518.0,,,,,8.0,607.0,368.0,9.0,554.0,618.0,0
31,5.0,00:36:49,66287.0,13,18,A,2,推球,,,2.0,8.0,713.0,518.0,1.0,3.0,510.0,320.0,,,,,8.0,677.0,542.0,8.0,647.0,369.0,0
31,6.0,00:36:50,66321.0,13,18,B,3,過渡切球,,,1.0,3.0,510.0,320.0,2.0,7.0,720.0,441.0,掛網,對手掛網,A,,8.0,567.0,335.0,8.0,606.0,549.0,0
32,1.0,00:37:04,66728.0,14,18,A,1,發短球,,1.0,2.0,,,,2.0,8.0,686.0,380.0,,,,,8.0,616.0,533.0,8.0,721.0,378.0,0
32,2.0,00:37:04,66748.0,14,18,B,2,推球,,,2.0,8.0,686.0,380.0,1.0,3.0,815.0,631.0,,,,,8.0,710.0,373.0,8.0,600.0,532.0,0
32,3.0,00:37:06,66781.0,14,18,A,2,切球,,,1.0,3.0,815.0,631.0,2.0,5.0,472.0,374.0,,,,,8.0,705.0,608.0,8.0,684.0,345.0,0
32,4.0,00:37:06,66805.0,14,18,B,2,推球,,,2.0,5.0,472.0,374.0,1.0,6.0,477.0,555.0,,,,,8.0,577.0,386.0,8.0,695.0,575.0,0
32,5.0,00:37:07,66828.0,14,18,A,2,擋小球,,1.0,1.0,6.0,477.0,555.0,2.0,8.0,519.0,375.0,,,,,8.0,535.0,565.0,8.0,595.0,361.0,0
32,6.0,00:37:08,66844.0,14,18,B,2,推球,,,2.0,8.0,519.0,375.0,1.0,6.0,441.0,612.0,,,,,8.0,595.0,365.0,8.0,556.0,539.0,0
32,7.0,00:37:09,66872.0,14,18,A,2,殺球,1.0,,1.0,6.0,441.0,612.0,2.0,8.0,652.0,346.0,,,,,6.0,477.0,599.0,8.0,610.0,349.0,0
32,8.0,00:37:09,66887.0,14,18,B,3,擋小球,,1.0,2.0,8.0,652.0,346.0,2.0,1.0,817.0,450.0,掛網,對手掛網,A,,8.0,604.0,354.0,4.0,451.0,624.0,0
33,1.0,00:37:27,67427.0,14,19,A,1,發短球,,1.0,2.0,,,,1.0,8.0,596.0,378.0,,,,,8.0,659.0,533.0,8.0,584.0,373.0,0
33,2.0,00:37:28,67450.0,14,19,B,2,勾球,,,1.0,8.0,596.0,378.0,2.0,1.0,801.0,501.0,,,,,8.0,587.0,378.0,8.0,640.0,535.0,0
33,3.0,00:37:28,67469.0,14,19,A,2,推球,,,2.0,1.0,801.0,501.0,1.0,3.0,521.0,323.0,,,,,8.0,688.0,521.0,8.0,638.0,371.0,0
33,4.0,00:37:30,67502.0,14,19,B,2,長球,,,1.0,3.0,521.0,323.0,1.0,8.0,501.0,600.0,,,,,8.0,572.0,345.0,8.0,602.0,530.0,0
33,5.0,00:37:31,67533.0,14,19,A,2,殺球,1.0,,1.0,8.0,501.0,600.0,2.0,6.0,808.0,356.0,,,,,6.0,473.0,605.0,8.0,640.0,347.0,0
33,6.0,00:37:31,67549.0,14,19,B,2,擋小球,,1.0,2.0,6.0,808.0,356.0,2.0,1.0,818.0,502.0,,,,,8.0,662.0,353.0,4.0,476.0,617.0,0
33,7.0,00:37:32,67580.0,14,19,A,2,推球,,,2.0,1.0,818.0,502.0,1.0,3.0,473.0,317.0,,,,,8.0,731.0,516.0,8.0,738.0,346.0,0
33,8.0,00:37:33,67618.0,14,19,B,2,長球,,,1.0,3.0,473.0,317.0,1.0,4.0,448.0,639.0,,,,,8.0,566.0,328.0,8.0,602.0,550.0,0
33,9.0,00:37:35,67662.0,14,19,A,2,長球,1.0,,1.0,4.0,448.0,639.0,1.0,3.0,454.0,322.0,,,,,4.0,427.0,641.0,8.0,640.0,357.0,0
33,10.0,00:37:36,67699.0,14,19,B,2,後場抽平球,,,1.0,3.0,454.0,322.0,1.0,6.0,450.0,550.0,,,,,8.0,541.0,342.0,8.0,511.0,574.0,0
33,11.0,00:37:36,67702.0,14,19,A,2,平球,,1.0,1.0,6.0,450.0,550.0,1.0,8.0,690.0,347.0,,,,,8.0,523.0,563.0,8.0,548.0,333.0,0
33,12.0,00:37:37,67719.0,14,19,B,2,推球,,1.0,1.0,8.0,690.0,347.0,1.0,9.0,484.0,621.0,,,,,8.0,609.0,352.0,8.0,548.0,576.0,0
33,13.0,00:37:38,67751.0,14,19,A,2,長球,1.0,,1.0,9.0,484.0,621.0,1.0,3.0,485.0,324.0,,,,,4.0,473.0,615.0,8.0,668.0,358.0,0
33,14.0,00:37:39,67780.0,14,19,B,2,長球,,,1.0,3.0,485.0,324.0,1.0,9.0,509.0,640.0,,,,,8.0,551.0,340.0,8.0,542.0,572.0,0
33,15.0,00:37:41,67830.0,14,19,A,2,長球,1.0,,1.0,9.0,509.0,640.0,1.0,3.0,472.0,323.0,,,,,9.0,474.0,645.0,8.0,633.0,365.0,0
33,16.0,00:37:41,67859.0,14,19,B,2,切球,,,1.0,3.0,472.0,323.0,2.0,1.0,847.0,505.0,,,,,8.0,530.0,339.0,8.0,563.0,576.0,0
33,17.0,00:37:43,67890.0,14,19,A,3,放小球,,,2.0,1.0,847.0,505.0,2.0,1.0,866.0,497.0,未過網,對手未過網,B,,8.0,766.0,540.0,8.0,589.0,326.0,0
34,1.0,00:38:14,68823.0,15,19,B,1,發短球,,1.0,2.0,,,,2.0,7.0,555.0,500.0,,,,,8.0,652.0,357.0,8.0,524.0,531.0,0
34,2.0,00:38:14,68846.0,15,19,A,2,放小球,,1.0,2.0,7.0,555.0,500.0,2.0,7.0,582.0,408.0,,,,,8.0,575.0,508.0,8.0,656.0,356.0,0
34,3.0,00:38:15,68872.0,15,19,B,2,放小球,,,2.0,7.0,582.0,408.0,2.0,7.0,615.0,467.0,,,,,8.0,640.0,374.0,8.0,639.0,528.0,0
34,4.0,00:38:16,68899.0,15,19,A,2,推球,,1.0,2.0,7.0,615.0,467.0,1.0,4.0,764.0,316.0,,,,,7.0,645.0,504.0,8.0,633.0,379.0,0
34,5.0,00:38:17,68936.0,15,19,B,2,長球,,1.0,1.0,4.0,764.0,316.0,1.0,9.0,738.0,643.0,,,,,8.0,699.0,339.0,8.0,670.0,531.0,0
34,6.0,00:38:19,68978.0,15,19,A,2,殺球,,,1.0,9.0,738.0,643.0,2.0,6.0,793.0,352.0,,,,,9.0,719.0,646.0,8.0,657.0,349.0,0
34,7.0,00:38:19,68994.0,15,19,B,2,擋小球,,1.0,2.0,6.0,793.0,352.0,2.0,5.0,836.0,517.0,,,,,8.0,677.0,343.0,9.0,738.0,631.0,0
34,8.0,00:38:20,69020.0,15,19,A,2,推球,,,2.0,5.0,836.0,517.0,1.0,4.0,777.0,321.0,,,,,8.0,744.0,544.0,8.0,686.0,360.0,0
34,9.0,00:38:21,69053.0,15,19,B,3,殺球,1.0,,1.0,4.0,777.0,321.0,2.0,1.0,817.0,448.0,掛網,對手掛網,A,,4.0,751.0,323.0,8.0,682.0,547.0,0
35,1.0,00:38:41,69638.0,15,20,A,1,未知球種,,,2.0,,,,2.0,,,,,,,1.0,,,,,,,0
35,2.0,00:38:42,69673.0,15,20,B,2,放小球,,,2.0,,,,2.0,1.0,814.0,457.0,,,,,7.0,728.0,394.0,8.0,624.0,524.0,0
35,3.0,00:38:43,69700.0,15,20,A,2,放小球,,,2.0,1.0,814.0,457.0,1.0,2.0,811.0,416.0,,,,,7.0,774.0,487.0,7.0,686.0,417.0,0
35,4.0,00:38:43,69717.0,15,20,B,3,撲球,,1.0,1.0,2.0,811.0,416.0,2.0,8.0,578.0,581.0,對手落地致勝,落地致勝,B,,7.0,668.0,411.0,1.0,798.0,496.0,0
36,1.0,00:38:58,70165.0,15,21,B,1,發短球,,1.0,2.0,,,,2.0,5.0,865.0,516.0,,,,,8.0,625.0,368.0,8.0,726.0,533.0,0
36,2.0,00:38:59,70190.0,15,21,A,3,放小球,,,2.0,5.0,865.0,516.0,2.0,2.0,856.0,440.0,掛網,對手掛網,B,,8.0,762.0,531.0,8.0,659.0,356.0,0
1,1.0,00:41:09,74079.0,0,1,B,1,發短球,,1.0,2.0,,,,2.0,8.0,564.0,390.0,,,,,8.0,656.0,540.0,8.0,578.0,363.0,0
1,2.0,00:41:10,74102.0,0,1,A,2,推球,,1.0,2.0,8.0,564.0,390.0,1.0,8.0,785.0,579.0,,,,,8.0,565.0,389.0,8.0,647.0,541.0,0
1,3.0,00:41:10,74125.0,0,1,B,2,長球,,,1.0,8.0,785.0,579.0,1.0,9.0,734.0,323.0,,,,,8.0,646.0,558.0,8.0,602.0,369.0,0
1,4.0,00:41:11,74157.0,0,1,A,3,殺球,1.0,,1.0,9.0,734.0,323.0,2.0,14.0,1005.0,631.0,出界,對手出界,B,,6.0,757.0,333.0,8.0,668.0,556.0,0
2,1.0,00:41:24,74533.0,0,2,B,1,發短球,,1.0,2.0,,,,2.0,8.0,737.0,379.0,,,,,8.0,621.0,541.0,8.0,725.0,371.0,0
2,2.0,00:41:25,74553.0,0,2,A,2,推球,,1.0,2.0,8.0,737.0,379.0,1.0,5.0,864.0,606.0,,,,,8.0,700.0,377.0,8.0,616.0,551.0,0
2,3.0,00:41:26,74586.0,0,2,B,2,長球,,,1.0,5.0,864.0,606.0,1.0,9.0,738.0,323.0,,,,,8.0,717.0,604.0,8.0,682.0,346.0,0
2,4.0,00:41:27,74619.0,0,2,A,2,切球,1.0,,1.0,9.0,738.0,323.0,2.0,6.0,488.0,513.0,,,,,9.0,734.0,325.0,8.0,679.0,562.0,0
2,5.0,00:41:28,74641.0,0,2,B,2,擋小球,,1.0,2.0,6.0,488.0,513.0,2.0,1.0,483.0,392.0,,,,,8.0,551.0,542.0,9.0,712.0,312.0,0
2,6.0,00:41:29,74670.0,0,2,A,2,放小球,,,2.0,1.0,483.0,392.0,2.0,2.0,476.0,476.0,,,,,8.0,574.0,375.0,8.0,541.0,538.0,0
2,7.0,00:41:30,74700.0,0,2,B,2,挑球,,1.0,2.0,2.0,476.0,476.0,1.0,9.0,543.0,316.0,,,,,7.0,563.0,502.0,8.0,591.0,367.0,0
2,8.0,00:41:31,74746.0,0,2,A,3,長球,,,1.0,9.0,543.0,316.0,2.0,13.0,421.0,662.0,出界,對手出界,B,,9.0,575.0,321.0,7.0,599.0,507.0,0
3,1.0,00:41:43,75118.0,1,2,B,1,發短球,,1.0,2.0,,,,2.0,8.0,569.0,386.0,,,,,8.0,656.0,538.0,8.0,562.0,360.0,0
3,2.0,00:41:44,75143.0,1,2,A,2,推球,,1.0,2.0,8.0,569.0,386.0,1.0,6.0,443.0,586.0,,,,,8.0,568.0,378.0,8.0,643.0,534.0,0
3,3.0,00:41:45,75174.0,1,2,B,2,長球,,1.0,1.0,6.0,443.0,586.0,1.0,4.0,772.0,314.0,,,,,8.0,539.0,596.0,8.0,616.0,359.0,0
3,4.0,00:41:47,75212.0,1,2,A,2,切球,1.0,,1.0,4.0,772.0,314.0,2.0,6.0,491.0,527.0,,,,,4.0,777.0,324.0,8.0,647.0,554.0,0
3,5.0,00:41:47,75231.0,1,2,B,2,放小球,,1.0,2.0,6.0,491.0,527.0,2.0,7.0,529.0,413.0,,,,,8.0,595.0,561.0,4.0,791.0,324.0,0
3,6.0,00:41:48,75264.0,1,2,A,2,放小球,,,2.0,7.0,529.0,413.0,2.0,2.0,454.0,459.0,,,,,7.0,599.0,399.0,8.0,506.0,527.0,0
3,7.0,00:41:49,75289.0,1,2,B,2,挑球,,1.0,2.0,2.0,454.0,459.0,1.0,9.0,719.0,319.0,,,,,8.0,506.0,508.0,7.0,582.0,397.0,0
3,8.0,00:41:51,75338.0,1,2,A,2,殺球,1.0,,1.0,9.0,719.0,319.0,2.0,5.0,840.0,549.0,,,,,9.0,731.0,319.0,8.0,635.0,538.0,0
3,9.0,00:41:51,75357.0,1,2,B,2,擋小球,,,2.0,5.0,840.0,549.0,2.0,6.0,765.0,379.0,,,,,8.0,681.0,559.0,9.0,699.0,313.0,0
3,10.0,00:41:52,75381.0,1,2,A,2,推球,,1.0,2.0,6.0,765.0,379.0,1.0,6.0,459.0,613.0,,,,,8.0,728.0,373.0,8.0,678.0,560.0,0
3,11.0,00:41:53,75417.0,1,2,B,3,長球,1.0,,1.0,6.0,459.0,613.0,2.0,13.0,450.0,302.0,出界,對手出界,A,,8.0,539.0,599.0,8.0,624.0,361.0,0
4,1.0,00:42:17,76119.0,1,3,A,1,發短球,,1.0,2.0,,,,2.0,7.0,585.0,505.0,,,,,8.0,652.0,370.0,8.0,539.0,524.0,0
4,2.0,00:42:17,76139.0,1,3,B,2,推球,,,2.0,7.0,585.0,505.0,1.0,4.0,764.0,323.0,,,,,8.0,556.0,519.0,8.0,651.0,357.0,0
4,3.0,00:42:19,76177.0,1,3,A,2,長球,1.0,,1.0,4.0,764.0,323.0,1.0,9.0,484.0,623.0,,,,,9.0,740.0,317.0,8.0,639.0,550.0,0
4,4.0,00:42:20,76207.0,1,3,B,2,切球,1.0,,1.0,9.0,484.0,623.0,1.0,8.0,741.0,383.0,,,,,8.0,548.0,606.0,8.0,684.0,354.0,0
4,5.0,00:42:21,76232.0,1,3,A,2,勾球,,1.0,1.0,8.0,741.0,383.0,2.0,2.0,454.0,493.0,,,,,8.0,688.0,367.0,8.0,588.0,577.0,0
4,6.0,00:42:21,76256.0,1,3,B,2,推球,,1.0,2.0,2.0,454.0,493.0,1.0,4.0,762.0,320.0,,,,,8.0,554.0,530.0,8.0,635.0,373.0,0
4,7.0,00:42:22,76288.0,1,3,A,2,長球,1.0,,1.0,4.0,762.0,320.0,1.0,4.0,408.0,618.0,,,,,8.0,709.0,336.0,8.0,647.0,543.0,0
4,8.0,00:42:24,76322.0,1,3,B,3,殺球,1.0,,1.0,4.0,408.0,618.0,2.0,6.0,813.0,349.0,對手落地致勝,落地致勝,B,,6.0,470.0,604.0,8.0,674.0,339.0,0
5,1.0,00:42:41,76847.0,1,4,B,1,發短球,,1.0,2.0,,,,2.0,8.0,710.0,388.0,,,,,8.0,617.0,539.0,8.0,715.0,366.0,0
5,2.0,00:42:42,76865.0,1,4,A,2,放小球,,1.0,2.0,8.0,710.0,388.0,2.0,1.0,786.0,500.0,,,,,8.0,673.0,386.0,8.0,624.0,528.0,0
5,3.0,00:42:43,76897.0,1,4,B,2,挑球,,,2.0,1.0,786.0,500.0,1.0,9.0,725.0,315.0,,,,,8.0,681.0,512.0,8.0,669.0,377.0,0
5,4.0,00:42:44,76932.0,1,4,A,2,長球,1.0,,1.0,9.0,725.0,315.0,1.0,5.0,854.0,593.0,,,,,9.0,709.0,322.0,8.0,652.0,547.0,0
5,5.0,00:42:45,76954.0,1,4,B,3,點扣,,,1.0,5.0,854.0,593.0,2.0,5.0,505.0,368.0,對手落地致勝,落地致勝,B,,8.0,739.0,572.0,9.0,698.0,318.0,0
6,1.0,00:43:01,77450.0,2,4,B,1,發短球,,1.0,2.0,,,,2.0,7.0,583.0,391.0,,,,,8.0,653.0,542.0,8.0,577.0,365.0,0
6,2.0,00:43:02,77470.0,2,4,A,2,放小球,,1.0,2.0,7.0,583.0,391.0,2.0,2.0,482.0,480.0,,,,,8.0,562.0,385.0,8.0,633.0,534.0,0
6,3.0,00:43:03,77492.0,2,4,B,2,挑球,,1.0,2.0,2.0,482.0,480.0,1.0,4.0,758.0,322.0,,,,,8.0,561.0,515.0,8.0,580.0,367.0,0
6,4.0,00:43:04,77530.0,2,4,A,2,切球,1.0,,1.0,4.0,758.0,322.0,2.0,6.0,461.0,513.0,,,,,9.0,747.0,325.0,8.0,636.0,547.0,0
6,5.0,00:43:05,77557.0,2,4,B,2,推球,,1.0,2.0,6.0,461.0,513.0,1.0,9.0,543.0,324.0,,,,,8.0,529.0,548.0,9.0,710.0,318.0,0
6,6.0,00:43:06,77587.0,2,4,A,2,長球,,,1.0,9.0,543.0,324.0,1.0,6.0,427.0,612.0,,,,,8.0,588.0,337.0,8.0,552.0,536.0,0
6,7.0,00:43:07,77624.0,2,4,B,2,殺球,1.0,,1.0,6.0,427.0,612.0,2.0,6.0,773.0,344.0,,,,,4.0,442.0,615.0,8.0,613.0,347.0,0
6,8.0,00:43:08,77641.0,2,4,A,3,擋小球,,1.0,2.0,6.0,773.0,344.0,2.0,1.0,843.0,472.0,對手落地致勝,落地致勝,A,,8.0,669.0,344.0,6.0,414.0,610.0,0
7,1.0,00:43:34,78422.0,3,4,A,1,發短球,,1.0,2.0,,,,2.0,8.0,710.0,509.0,,,,,8.0,618.0,361.0,8.0,713.0,535.0,0
7,2.0,00:43:34,78444.0,3,4,B,2,放小球,,,2.0,8.0,710.0,509.0,2.0,2.0,831.0,403.0,,,,,8.0,703.0,522.0,8.0,632.0,351.0,0
7,3.0,00:43:35,78475.0,3,4,A,2,放小球,,1.0,2.0,2.0,831.0,403.0,2.0,1.0,807.0,471.0,,,,,8.0,741.0,391.0,8.0,693.0,534.0,0
7,4.0,00:43:36,78501.0,3,4,B,3,推球,,,2.0,1.0,807.0,471.0,2.0,13.0,515.0,302.0,出界,對手出界,A,,7.0,760.0,493.0,8.0,718.0,369.0,0
8,1.0,00:43:51,78954.0,3,5,A,1,發短球,,1.0,2.0,,,,2.0,7.0,570.0,499.0,,,,,8.0,654.0,367.0,8.0,540.0,531.0,0
8,2.0,00:43:52,78968.0,3,5,B,2,放小球,,,2.0,7.0,570.0,499.0,2.0,1.0,498.0,427.0,,,,,8.0,554.0,509.0,8.0,640.0,366.0,0
8,3.0,00:43:53,78994.0,3,5,A,2,挑球,,,2.0,1.0,498.0,427.0,1.0,9.0,719.0,631.0,,,,,7.0,575.0,407.0,7.0,580.0,493.0,0
8,4.0,00:43:55,79051.0,3,5,B,2,殺球,,,1.0,9.0,719.0,631.0,2.0,6.0,772.0,347.0,,,,,8.0,710.0,612.0,8.0,656.0,347.0,0
8,5.0,00:43:55,79063.0,3,5,A,2,擋小球,,1.0,2.0,6.0,772.0,347.0,1.0,7.0,614.0,486.0,,,,,8.0,675.0,335.0,9.0,766.0,615.0,0
8,6.0,00:43:56,79090.0,3,5,B,2,撲球,,1.0,1.0,7.0,614.0,486.0,2.0,8.0,699.0,339.0,,,,,8.0,667.0,520.0,8.0,697.0,349.0,0
8,7.0,00:43:56,79102.0,3,5,A,2,防守回抽,,1.0,2.0,8.0,699.0,339.0,1.0,7.0,596.0,500.0,,,,,8.0,676.0,337.0,7.0,624.0,488.0,0
8,8.0,00:43:57,79113.0,3,5,B,3,殺球,1.0,,1.0,7.0,596.0,500.0,2.0,6.0,766.0,340.0,對手落地致勝,落地致勝,B,,8.0,608.0,508.0,8.0,665.0,333.0,0
9,1.0,00:44:20,79806.0,3,6,B,1,未知球種,,,2.0,,,,2.0,,,,,,,1.0,,,,,,,0
9,2.0,00:44:21,79845.0,3,6,A,2,推球,,1.0,2.0,,,,1.0,3.0,815.0,615.0,,,,,7.0,649.0,395.0,8.0,637.0,526.0,0
9,3.0,00:44:22,79874.0,3,6,B,2,後場抽平球,,,1.0,3.0,815.0,615.0,1.0,6.0,761.0,357.0,,,,,9.0,718.0,626.0,8.0,626.0,380.0,0
9,4.0,00:44:22,79887.0,3,6,A,2,擋小球,,1.0,1.0,6.0,761.0,357.0,2.0,8.0,662.0,529.0,,,,,8.0,636.0,367.0,8.0,746.0,612.0,0
9,5.0,00:44:23,79906.0,3,6,B,2,擋小球,,1.0,2.0,8.0,662.0,529.0,2.0,2.0,806.0,403.0,,,,,8.0,706.0,561.0,8.0,653.0,366.0,0
9,6.0,00:44:24,79933.0,3,6,A,2,推球,,1.0,2.0,2.0,806.0,403.0,1.0,8.0,498.0,570.0,,,,,7.0,719.0,400.0,8.0,698.0,545.0,0
9,7.0,00:44:25,79958.0,3,6,B,3,點扣,1.0,,1.0,8.0,498.0,570.0,2.0,5.0,478.0,335.0,對手落地致勝,落地致勝,B,,8.0,647.0,558.0,8.0,649.0,369.0,0
10,1.0,00:44:42,80479.0,4,6,B,1,發短球,,1.0,2.0,,,,2.0,8.0,592.0,387.0,,,,,8.0,656.0,530.0,8.0,579.0,362.0,0
10,2.0,00:44:43,80499.0,4,6,A,2,推球,,1.0,2.0,8.0,592.0,387.0,1.0,3.0,865.0,634.0,,,,,8.0,564.0,380.0,8.0,638.0,529.0,0
10,3.0,00:44:44,80534.0,4,6,B,2,長球,,,1.0,3.0,865.0,634.0,1.0,4.0,776.0,314.0,,,,,8.0,719.0,593.0,8.0,658.0,355.0,0
10,4.0,00:44:45,80578.0,4,6,A,2,點扣,1.0,,1.0,4.0,776.0,314.0,2.0,5.0,849.0,552.0,,,,,4.0,772.0,312.0,8.0,677.0,545.0,0
10,5.0,00:44:46,80597.0,4,6,B,2,擋小球,,,2.0,5.0,849.0,552.0,2.0,2.0,812.0,409.0,,,,,8.0,701.0,553.0,9.0,743.0,323.0,0
10,6.0,00:44:47,80624.0,4,6,A,2,放小球,,1.0,2.0,2.0,812.0,409.0,2.0,1.0,822.0,463.0,,,,,2.0,763.0,396.0,8.0,694.0,547.0,0
10,7.0,00:44:49,80670.0,4,6,B,2,挑球,,,2.0,1.0,822.0,463.0,1.0,3.0,483.0,315.0,,,,,8.0,760.0,512.0,8.0,730.0,361.0,0
10,8.0,00:44:50,80706.0,4,6,A,2,後場抽平球,,,1.0,3.0,483.0,315.0,2.0,6.0,463.0,540.0,,,,,9.0,545.0,322.0,8.0,620.0,514.0,0
10,9.0,00:44:50,80726.0,4,6,B,2,擋小球,,1.0,2.0,6.0,463.0,540.0,2.0,8.0,674.0,373.0,,,,,8.0,537.0,552.0,8.0,581.0,326.0,0
10,10.0,00:44:51,80755.0,4,6,A,2,推球,,1.0,2.0,8.0,674.0,373.0,1.0,3.0,884.0,634.0,,,,,8.0,657.0,365.0,8.0,593.0,517.0,0
10,11.0,00:44:53,80791.0,4,6,B,2,後場抽平球,,,1.0,3.0,884.0,634.0,1.0,6.0,775.0,343.0,,,,,8.0,742.0,595.0,8.0,670.0,355.0,0
10,12.0,00:44:53,80807.0,4,6,A,2,推球,,1.0,1.0,6.0,775.0,343.0,1.0,3.0,832.0,620.0,,,,,8.0,682.0,357.0,8.0,715.0,563.0,0
10,13.0,00:44:54,80837.0,4,6,B,2,過渡切球,,,1.0,3.0,832.0,620.0,1.0,6.0,764.0,381.0,,,,,8.0,707.0,591.0,8.0,669.0,334.0,0
10,14.0,00:44:55,80859.0,4,6,A,2,推球,,1.0,1.0,6.0,764.0,381.0,1.0,6.0,436.0,603.0,,,,,8.0,711.0,378.0,8.0,686.0,571.0,0
10,15.0,00:44:56,80890.0,4,6,B,2,過渡切球,,1.0,1.0,6.0,436.0,603.0,1.0,5.0,510.0,374.0,,,,,8.0,578.0,601.0,8.0,634.0,354.0,0
10,16.0,00:44:57,80918.0,4,6,A,3,撲球,,,1.0,5.0,510.0,374.0,2.0,4.0,375.0,654.0,對手落地致勝,落地致勝,A,,8.0,553.0,372.0,8.0,585.0,584.0,0
11,1.0,00:45:14,81432.0,4,7,A,1,未知球種,,,2.0,,,,2.0,,,,,,,1.0,,,,,,,0
11,2.0,00:45:15,81459.0,4,7,B,2,推球,,,2.0,,,,1.0,5.0,500.0,334.0,,,,,8.0,702.0,512.0,8.0,614.0,369.0,0
11,3.0,00:45:16,81486.0,4,7,A,2,點扣,,,1.0,5.0,500.0,334.0,2.0,6.0,389.0,560.0,,,,,8.0,530.0,338.0,8.0,637.0,545.0,0
11,4.0,00:45:16,81499.0,4,7,B,2,擋小球,,1.0,2.0,6.0,389.0,560.0,2.0,7.0,524.0,393.0,,,,,8.0,633.0,550.0,5.0,476.0,332.0,0
11,5.0,00:45:17,81523.0,4,7,A,2,挑球,,,2.0,7.0,524.0,393.0,1.0,6.0,460.0,598.0,,,,,8.0,557.0,385.0,8.0,592.0,553.0,0
11,6.0,00:45:18,81559.0,4,7,B,3,點扣,1.0,,1.0,6.0,460.0,598.0,2.0,6.0,809.0,358.0,對手落地致勝,落地致勝,B,,8.0,556.0,570.0,8.0,595.0,357.0,0
12,1.0,00:45:37,82131.0,4,8,B,1,發短球,,1.0,2.0,,,,2.0,8.0,726.0,382.0,,,,,8.0,620.0,537.0,8.0,713.0,364.0,0
12,2.0,00:45:38,82152.0,4,8,A,2,推球,,1.0,2.0,8.0,726.0,382.0,1.0,4.0,458.0,634.0,,,,,8.0,696.0,385.0,8.0,624.0,537.0,0
12,3.0,00:45:39,82185.0,4,8,B,2,長球,1.0,,1.0,4.0,458.0,634.0,1.0,3.0,500.0,312.0,,,,,8.0,552.0,608.0,8.0,635.0,353.0,0
12,4.0,00:45:40,82221.0,4,8,A,2,長球,,,1.0,3.0,500.0,312.0,1.0,9.0,799.0,630.0,,,,,9.0,529.0,311.0,8.0,582.0,565.0,0
12,5.0,00:45:41,82256.0,4,8,B,2,過渡切球,,,1.0,9.0,799.0,630.0,2.0,6.0,791.0,388.0,,,,,8.0,706.0,598.0,8.0,627.0,337.0,0
12,6.0,00:45:43,82299.0,4,8,A,2,放小球,,1.0,2.0,6.0,791.0,388.0,2.0,1.0,789.0,504.0,,,,,8.0,699.0,380.0,8.0,701.0,545.0,0
12,7.0,00:45:43,82304.0,4,8,B,2,挑球,,,2.0,1.0,789.0,504.0,1.0,4.0,750.0,319.0,,,,,8.0,697.0,515.0,8.0,700.0,376.0,0
12,8.0,00:45:44,82342.0,4,8,A,2,長球,1.0,,1.0,4.0,750.0,319.0,1.0,5.0,862.0,612.0,,,,,9.0,747.0,316.0,8.0,672.0,560.0,0
12,9.0,00:45:45,82370.0,4,8,B,2,殺球,,,1.0,5.0,862.0,612.0,2.0,6.0,800.0,344.0,,,,,8.0,792.0,600.0,9.0,709.0,321.0,0
12,10.0,00:45:46,82384.0,4,8,A,2,擋小球,,1.0,2.0,6.0,800.0,344.0,2.0,7.0,689.0,504.0,,,,,8.0,726.0,348.0,8.0,793.0,577.0,0
12,11.0,00:45:46,82404.0,4,8,B,2,放小球,,1.0,2.0,7.0,689.0,504.0,2.0,2.0,806.0,422.0,,,,,8.0,724.0,544.0,8.0,751.0,355.0,0
12,12.0,00:45:47,82430.0,4,8,A,2,放小球,,1.0,2.0,2.0,806.0,422.0,2.0,1.0,804.0,454.0,,,,,7.0,735.0,405.0,8.0,701.0,537.0,0
12,13.0,00:45:48,82454.0,4,8,B,2,推球,,,2.0,1.0,804.0,454.0,1.0,3.0,492.0,319.0,,,,,7.0,764.0,482.0,8.0,724.0,388.0,0
12,14.0,00:45:49,82499.0,4,8,A,3,切球,,,1.0,3.0,492.0,319.0,2.0,7.0,750.0,460.0,未過網,對手未過網,B,,9.0,526.0,325.0,8.0,630.0,533.0,0
13,1.0,00:46:06,82990.0,4,9,B,1,發短球,,1.0,2.0,,,,2.0,8.0,560.0,383.0,,,,,8.0,651.0,538.0,8.0,564.0,357.0,0
13,2.0,00:46:07,83013.0,4,9,A,3,推球,,1.0,2.0,8.0,560.0,383.0,2.0,12.0,320.0,636.0,出界,對手出界,B,,8.0,573.0,372.0,8.0,634.0,524.0,0
14,1.0,00:46:18,83362.0,5,9,B,1,發短球,,1.0,2.0,,,,2.0,8.0,739.0,387.0,,,,,8.0,623.0,538.0,8.0,718.0,363.0,0
14,2.0,00:46:19,83382.0,5,9,A,2,放小球,,,2.0,8.0,739.0,387.0,2.0,7.0,764.0,466.0,,,,,8.0,718.0,385.0,8.0,624.0,533.0,0
14,3.0,00:46:20,83402.0,5,9,B,2,推球,,,2.0,7.0,764.0,466.0,1.0,3.0,504.0,306.0,,,,,7.0,708.0,495.0,8.0,682.0,382.0,0
14,4.0,00:46:21,83444.0,5,9,A,2,過渡切球,,,1.0,3.0,504.0,306.0,1.0,8.0,496.0,513.0,,,,,9.0,553.0,319.0,8.0,609.0,548.0,0
14,5.0,00:46:22,83463.0,5,9,B,2,勾球,,1.0,1.0,8.0,496.0,513.0,2.0,7.0,716.0,400.0,,,,,8.0,544.0,546.0,9.0,608.0,321.0,0
14,6.0,00:46:23,83490.0,5,9,A,2,放小球,,1.0,2.0,7.0,716.0,400.0,2.0,7.0,637.0,461.0,,,,,8.0,691.0,377.0,8.0,616.0,524.0,0
14,7.0,00:46:23,83515.0,5,9,B,2,放小球,,,2.0,7.0,637.0,461.0,2.0,7.0,593.0,414.0,,,,,7.0,639.0,490.0,8.0,679.0,386.0,0
14,8.0,00:46:24,83541.0,5,9,A,2,放小球,,,2.0,7.0,593.0,414.0,2.0,2.0,476.0,461.0,,,,,7.0,628.0,391.0,7.0,627.0,494.0,0
14,9.0,00:46:25,83567.0,5,9,B,2,推球,,1.0,2.0,2.0,476.0,461.0,2.0,9.0,539.0,317.0,,,,,7.0,560.0,489.0,8.0,600.0,372.0,0
14,10.0,00:46:26,83605.0,5,9,A,2,過渡切球,,,2.0,9.0,539.0,317.0,1.0,2.0,475.0,489.0,,,,,8.0,583.0,338.0,7.0,568.0,499.0,0
14,11.0,00:46:27,83632.0,5,9,B,2,放小球,,1.0,1.0,2.0,475.0,489.0,2.0,1.0,492.0,417.0,,,,,8.0,513.0,516.0,8.0,637.0,340.0,0
14,12.0,00:46:28,83659.0,5,9,A,2,放小球,,,2.0,1.0,492.0,417.0,2.0,2.0,437.0,470.0,,,,,7.0,563.0,393.0,7.0,564.0,499.0,0
14,13.0,00:46:29,83683.0,5,9,B,2,挑球,,1.0,2.0,2.0,437.0,470.0,1.0,4.0,795.0,318.0,,,,,7.0,519.0,474.0,8.0,562.0,387.0,0
14,14.0,00:46:31,83733.0,5,9,A,2,切球,1.0,,1.0,4.0,795.0,318.0,2.0,7.0,509.0,504.0,,,,,4.0,784.0,321.0,8.0,656.0,545.0,0
14,15.0,00:46:31,83758.0,5,9,B,2,放小球,,1.0,2.0,7.0,509.0,504.0,2.0,7.0,663.0,406.0,,,,,8.0,565.0,530.0,8.0,734.0,334.0,0
14,16.0,00:46:32,83782.0,5,9,A,2,放小球,,,2.0,7.0,663.0,406.0,2.0,7.0,630.0,467.0,,,,,8.0,657.0,385.0,8.0,599.0,524.0,0
14,17.0,00:46:33,83805.0,5,9,B,2,挑球,,,2.0,7.0,630.0,467.0,1.0,9.0,572.0,315.0,,,,,7.0,624.0,499.0,8.0,644.0,380.0,0
14,18.0,00:46:35,83864.0,5,9,A,2,切球,,,1.0,9.0,572.0,315.0,2.0,6.0,483.0,512.0,,,,,9.0,603.0,317.0,8.0,623.0,534.0,0
14,19.0,00:46:36,83887.0,5,9,B,2,推球,,1.0,2.0,6.0,483.0,512.0,1.0,3.0,507.0,318.0,,,,,8.0,541.0,539.0,8.0,614.0,340.0,0
14,20.0,00:46:37,83915.0,5,9,A,2,切球,,,1.0,3.0,507.0,318.0,2.0,5.0,845.0,513.0,,,,,8.0,555.0,340.0,8.0,582.0,538.0,0
14,21.0,00:46:38,83941.0,5,9,B,2,放小球,,,2.0,5.0,845.0,513.0,2.0,2.0,819.0,406.0,,,,,8.0,711.0,534.0,8.0,591.0,334.0,0
14,22.0,00:46:38,83967.0,5,9,A,2,推球,,1.0,2.0,2.0,819.0,406.0,1.0,4.0,457.0,632.0,,,,,7.0,728.0,394.0,8.0,718.0,529.0,0
14,23.0,00:46:40,84008.0,5,9,B,2,長球,1.0,,1.0,4.0,457.0,632.0,1.0,3.0,466.0,318.0,,,,,9.0,535.0,621.0,8.0,645.0,351.0,0
14,24.0,00:46:41,84049.0,5,9,A,2,殺球,,,1.0,3.0,466.0,318.0,2.0,5.0,855.0,551.0,,,,,3.0,500.0,325.0,8.0,587.0,564.0,0
14,25.0,00:46:42,84066.0,5,9,B,2,擋小球,,,2.0,5.0,855.0,551.0,2.0,6.0,774.0,388.0,,,,,8.0,661.0,551.0,3.0,458.0,315.0,0
14,26.0,00:46:43,84098.0,5,9,A,2,推球,,1.0,2.0,6.0,774.0,388.0,1.0,4.0,435.0,619.0,,,,,8.0,681.0,378.0,5.0,811.0,557.0,0
14,27.0,00:46:44,84137.0,5,9,B,2,長球,,1.0,1.0,4.0,435.0,619.0,1.0,3.0,484.0,317.0,,,,,8.0,554.0,596.0,8.0,654.0,342.0,0
14,28.0,00:46:46,84181.0,5,9,A,2,殺球,,,1.0,3.0,484.0,317.0,2.0,5.0,862.0,550.0,,,,,3.0,515.0,317.0,8.0,602.0,546.0,0
14,29.0,00:46:46,84197.0,5,9,B,2,防守回抽,,,2.0,5.0,862.0,550.0,1.0,6.0,775.0,329.0,,,,,8.0,685.0,554.0,3.0,522.0,319.0,0
14,30.0,00:46:47,84224.0,5,9,A,2,後場抽平球,,1.0,1.0,6.0,775.0,329.0,2.0,8.0,513.0,543.0,,,,,8.0,703.0,334.0,8.0,774.0,536.0,0
14,31.0,00:46:48,84241.0,5,9,B,3,推球,,1.0,2.0,8.0,513.0,543.0,2.0,13.0,751.0,303.0,出界,對手出界,A,,8.0,651.0,564.0,8.0,696.0,344.0,0
15,1.0,00:47:43,85900.0,6,9,A,1,發短球,,1.0,2.0,,,,2.0,7.0,569.0,502.0,,,,,8.0,650.0,364.0,8.0,548.0,517.0,0
15,2.0,00:47:44,85921.0,6,9,B,2,推球,,,2.0,7.0,569.0,502.0,1.0,8.0,534.0,326.0,,,,,8.0,544.0,518.0,8.0,652.0,354.0,0
15,3.0,00:47:44,85948.0,6,9,A,2,殺球,,,1.0,8.0,534.0,326.0,2.0,8.0,625.0,539.0,,,,,8.0,578.0,344.0,8.0,571.0,548.0,0
15,4.0,00:47:45,85959.0,6,9,B,2,防守回抽,,1.0,2.0,8.0,625.0,539.0,1.0,8.0,734.0,361.0,,,,,8.0,585.0,552.0,8.0,583.0,331.0,0
15,5.0,00:47:45,85979.0,6,9,A,2,擋小球,,1.0,1.0,8.0,734.0,361.0,2.0,5.0,821.0,513.0,,,,,8.0,665.0,359.0,8.0,623.0,547.0,0
15,6.0,00:47:46,85996.0,6,9,B,3,挑球,,,2.0,5.0,821.0,513.0,2.0,13.0,768.0,302.0,出界,對手出界,A,,8.0,728.0,532.0,8.0,691.0,364.0,0
16,1.0,00:48:00,86411.0,6,10,A,1,未知球種,,,2.0,,,,2.0,,,,,,,1.0,,,,,,,0
16,2.0,00:48:01,86453.0,6,10,B,2,放小球,,,2.0,,,,2.0,2.0,807.0,418.0,,,,,7.0,686.0,507.0,8.0,617.0,373.0,0
16,3.0,00:48:02,86481.0,6,10,A,2,挑球,,1.0,2.0,2.0,807.0,418.0,1.0,3.0,863.0,620.0,,,,,2.0,769.0,409.0,8.0,694.0,523.0,0
16,4.0,00:48:03,86513.0,6,10,B,2,點扣,,,1.0,3.0,863.0,620.0,2.0,6.0,788.0,354.0,,,,,9.0,787.0,616.0,8.0,666.0,359.0,0
16,5.0,00:48:04,86527.0,6,10,A,2,擋小球,,1.0,2.0,6.0,788.0,354.0,2.0,7.0,694.0,492.0,,,,,8.0,641.0,362.0,8.0,788.0,602.0,0
16,6.0,00:48:05,86551.0,6,10,B,2,放小球,,,2.0,7.0,694.0,492.0,2.0,7.0,674.0,411.0,,,,,8.0,671.0,531.0,8.0,640.0,387.0,0
16,7.0,00:48:05,86575.0,6,10,A,2,推球,,,2.0,7.0,674.0,411.0,1.0,3.0,807.0,624.0,,,,,7.0,672.0,410.0,8.0,691.0,519.0,0
16,8.0,00:48:06,86609.0,6,10,B,2,後場抽平球,,,1.0,3.0,807.0,624.0,1.0,8.0,746.0,358.0,,,,,9.0,745.0,615.0,8.0,637.0,353.0,0
16,9.0,00:48:07,86623.0,6,10,A,2,平球,,1.0,1.0,8.0,746.0,358.0,2.0,6.0,471.0,541.0,,,,,8.0,630.0,368.0,8.0,754.0,614.0,0
16,10.0,00:48:07,86639.0,6,10,B,2,防守回挑,,1.0,2.0,6.0,471.0,541.0,1.0,9.0,525.0,321.0,,,,,8.0,637.0,561.0,8.0,659.0,372.0,0
16,11.0,00:48:09,86685.0,6,10,A,2,過渡切球,,,1.0,9.0,525.0,321.0,2.0,2.0,465.0,492.0,,,,,8.0,570.0,327.0,8.0,620.0,579.0,0
16,12.0,00:48:10,86709.0,6,10,B,2,推球,,1.0,2.0,2.0,465.0,492.0,2.0,3.0,490.0,323.0,,,,,8.0,514.0,538.0,8.0,610.0,342.0,0
16,13.0,00:48:11,86735.0,6,10,A,3,後場抽平球,,,2.0,3.0,490.0,323.0,2.0,11.0,351.0,592.0,出界,對手出界,B,,8.0,547.0,337.0,8.0,566.0,539.0,0
17,1.0,00:48:28,87242.0,7,10,B,1,未知球種,,,2.0,,,,2.0,,,,,,,1.0,,,,,,,0
17,2.0,00:48:28,87255.0,7,10,A,2,放小球,,1.0,2.0,,,,2.0,2.0,461.0,470.0,,,,,7.0,552.0,394.0,8.0,635.0,524.0,0
17,3.0,00:48:29,87279.0,7,10,B,2,挑球,,1.0,2.0,2.0,461.0,470.0,1.0,4.0,754.0,320.0,,,,,7.0,502.0,487.0,7.0,552.0,401.0,0
17,4.0,00:48:30,87326.0,7,10,A,2,切球,1.0,,1.0,4.0,754.0,320.0,2.0,6.0,400.0,514.0,,,,,8.0,719.0,329.0,8.0,651.0,556.0,0
17,5.0,00:48:31,87355.0,7,10,B,2,放小球,,1.0,2.0,6.0,400.0,514.0,2.0,1.0,489.0,391.0,,,,,6.0,446.0,542.0,8.0,701.0,332.0,0
17,6.0,00:48:32,87382.0,7,10,A,2,挑球,,,2.0,1.0,489.0,391.0,1.0,6.0,449.0,601.0,,,,,7.0,523.0,392.0,8.0,537.0,540.0,0
17,7.0,00:48:34,87421.0,7,10,B,2,點扣,1.0,,1.0,6.0,449.0,601.0,2.0,6.0,783.0,356.0,,,,,8.0,554.0,571.0,8.0,564.0,373.0,0
17,8.0,00:48:34,87436.0,7,10,A,2,擋小球,,1.0,2.0,6.0,783.0,356.0,2.0,1.0,802.0,488.0,,,,,8.0,603.0,351.0,9.0,552.0,619.0,0
17,9.0,00:48:35,87464.0,7,10,B,2,放小球,,,2.0,1.0,802.0,488.0,2.0,2.0,813.0,421.0,,,,,8.0,745.0,511.0,6.0,766.0,372.0,0
17,10.0,00:48:36,87491.0,7,10,A,2,放小球,,1.0,2.0,2.0,813.0,421.0,2.0,1.0,812.0,458.0,,,,,2.0,777.0,397.0,8.0,731.0,531.0,0
17,11.0,00:48:37,87520.0,7,10,B,3,挑球,,,2.0,1.0,812.0,458.0,2.0,13.0,476.0,299.0,出界,對手出界,A,,1.0,788.0,490.0,7.0,712.0,392.0,0
18,1.0,00:48:56,88097.0,8,10,A,1,發短球,,1.0,2.0,,,,2.0,7.0,564.0,504.0,,,,,8.0,662.0,365.0,8.0,544.0,522.0,0
18,2.0,00:48:57,88116.0,8,10,B,2,推球,,,2.0,7.0,564.0,504.0,1.0,4.0,776.0,314.0,,,,,8.0,546.0,518.0,8.0,650.0,368.0,0
18,3.0,00:48:58,88151.0,8,10,A,2,長球,1.0,,1.0,4.0,776.0,314.0,1.0,3.0,883.0,621.0,,,,,4.0,752.0,321.0,8.0,643.0,540.0,0
18,4.0,00:48:59,88182.0,8,10,B,2,殺球,,,1.0,3.0,883.0,621.0,2.0,5.0,477.0,341.0,,,,,8.0,791.0,599.0,8.0,709.0,328.0,0
18,5.0,00:49:00,88207.0,8,10,A,2,防守回抽,,,2.0,5.0,477.0,341.0,1.0,6.0,445.0,596.0,,,,,8.0,587.0,359.0,8.0,782.0,601.0,0
18,6.0,00:49:01,88231.0,8,10,B,3,後場抽平球,,1.0,1.0,6.0,445.0,596.0,2.0,12.0,855.0,317.0,出界,對手出界,A,,8.0,516.0,586.0,8.0,615.0,353.0,0
19,1.0,00:49:28,89044.0,8,11,A,1,發短球,,1.0,2.0,,,,2.0,7.0,712.0,487.0,,,,,8.0,616.0,369.0,8.0,708.0,547.0,0
19,2.0,00:49:28,89064.0,8,11,B,2,挑球,,,2.0,7.0,712.0,487.0,1.0,4.0,816.0,314.0,,,,,8.0,701.0,515.0,8.0,629.0,369.0,0
19,3.0,00:49:30,89100.0,8,11,A,2,過渡切球,,1.0,1.0,4.0,816.0,314.0,2.0,5.0,841.0,530.0,,,,,6.0,779.0,329.0,8.0,709.0,562.0,0
19,4.0,00:49:30,89121.0,8,11,B,2,放小球,,,2.0,5.0,841.0,530.0,2.0,2.0,835.0,419.0,,,,,5.0,790.0,538.0,8.0,674.0,368.0,0
19,5.0,00:49:31,89150.0,8,11,A,2,推球,,1.0,2.0,2.0,835.0,419.0,1.0,5.0,857.0,611.0,,,,,2.0,770.0,404.0,8.0,725.0,543.0,0
19,6.0,00:49:32,89179.0,8,11,B,3,殺球,,,1.0,5.0,857.0,611.0,2.0,8.0,654.0,348.0,對手落地致勝,落地致勝,B,,9.0,760.0,619.0,8.0,672.0,383.0,0
20,1.0,00:50:41,91230.0,9,11,B,1,發短球,,1.0,2.0,,,,2.0,7.0,550.0,492.0,,,,,8.0,656.0,371.0,8.0,539.0,531.0,0
20,2.0,00:50:41,91250.0,9,11,A,2,放小球,,1.0,2.0,7.0,550.0,492.0,2.0,7.0,513.0,409.0,,,,,8.0,571.0,511.0,8.0,656.0,356.0,0
20,3.0,00:50:42,91281.0,9,11,B,2,挑球,,,2.0,7.0,513.0,409.0,1.0,9.0,759.0,623.0,,,,,7.0,604.0,391.0,7.0,624.0,499.0,0
20,4.0,00:50:44,91331.0,9,11,A,2,殺球,,,1.0,9.0,759.0,623.0,2.0,8.0,725.0,346.0,,,,,9.0,751.0,623.0,8.0,657.0,360.0,0
20,5.0,00:50:44,91342.0,9,11,B,2,防守回抽,,1.0,2.0,8.0,725.0,346.0,1.0,8.0,703.0,569.0,,,,,8.0,649.0,333.0,8.0,790.0,593.0,0
20,6.0,00:50:45,91362.0,9,11,A,2,殺球,,,1.0,8.0,703.0,569.0,2.0,5.0,494.0,338.0,,,,,8.0,703.0,573.0,8.0,645.0,340.0,0
20,7.0,00:50:45,91378.0,9,11,B,3,防守回抽,,,2.0,5.0,494.0,338.0,2.0,11.0,332.0,583.0,出界,對手出界,A,,8.0,597.0,348.0,8.0,580.0,542.0,0
21,1.0,00:51:11,92155.0,10,11,A,1,未知球種,,,2.0,,,,2.0,,,,,,,1.0,,,,,,,0
21,2.0,00:51:13,92193.0,10,11,B,2,放小球,,1.0,2.0,,,,2.0,7.0,609.0,463.0,,,,,8.0,643.0,388.0,8.0,624.0,527.0,0
21,3.0,00:51:13,92219.0,10,11,A,2,放小球,,1.0,2.0,7.0,609.0,463.0,2.0,7.0,655.0,410.0,,,,,7.0,605.0,477.0,8.0,627.0,386.0,0
21,4.0,00:51:14,92240.0,10,11,B,2,挑球,,1.0,2.0,7.0,655.0,410.0,1.0,8.0,531.0,560.0,,,,,7.0,610.0,422.0,7.0,627.0,494.0,0
21,5.0,00:51:16,92309.0,10,11,A,3,殺球,1.0,,1.0,8.0,531.0,560.0,2.0,8.0,609.0,340.0,對手落地致勝,落地致勝,A,,8.0,538.0,568.0,8.0,626.0,352.0,0
22,1.0,00:51:30,92707.0,10,12,A,1,發短球,,1.0,2.0,,,,2.0,8.0,576.0,387.0,,,,,8.0,658.0,540.0,8.0,565.0,368.0,0
22,2.0,00:51:30,92728.0,10,12,B,2,推球,,,2.0,8.0,576.0,387.0,1.0,3.0,814.0,629.0,,,,,8.0,581.0,387.0,8.0,632.0,525.0,0
22,3.0,00:51:31,92757.0,10,12,A,2,殺球,,,1.0,3.0,814.0,629.0,1.0,8.0,582.0,365.0,,,,,8.0,681.0,598.0,8.0,659.0,353.0,0
22,4.0,00:51:32,92772.0,10,12,B,2,平球,,,1.0,8.0,582.0,365.0,1.0,8.0,499.0,561.0,,,,,8.0,677.0,358.0,8.0,721.0,610.0,0
22,5.0,00:51:32,92788.0,10,12,A,2,擋小球,,1.0,1.0,8.0,499.0,561.0,1.0,5.0,508.0,382.0,,,,,8.0,599.0,570.0,8.0,648.0,365.0,0
22,6.0,00:51:33,92809.0,10,12,B,2,推球,,,1.0,5.0,508.0,382.0,1.0,6.0,439.0,588.0,,,,,8.0,591.0,378.0,8.0,586.0,552.0,0
22,7.0,00:51:34,92832.0,10,12,A,3,切球,1.0,,1.0,6.0,439.0,588.0,2.0,2.0,442.0,453.0,掛網,對手掛網,B,,8.0,514.0,589.0,8.0,598.0,362.0,0
23,1.0,00:51:50,93328.0,11,12,B,1,未知球種,,,2.0,,,,2.0,,,,,,,1.0,,,,,,,0
23,2.0,00:51:51,93352.0,11,12,A,2,挑球,,,2.0,,,,1.0,3.0,500.0,318.0,,,,,8.0,709.0,510.0,8.0,623.0,379.0,0
23,3.0,00:51:52,93386.0,11,12,B,2,後場抽平球,,,1.0,3.0,500.0,318.0,2.0,6.0,480.0,564.0,,,,,8.0,531.0,337.0,8.0,661.0,565.0,0
23,4.0,00:51:53,93398.0,11,12,A,2,擋小球,,1.0,2.0,6.0,480.0,564.0,2.0,8.0,557.0,380.0,,,,,8.0,654.0,586.0,8.0,530.0,333.0,0
23,5.0,00:51:54,93421.0,11,12,B,2,推球,,,2.0,8.0,557.0,380.0,1.0,8.0,714.0,572.0,,,,,8.0,543.0,378.0,8.0,632.0,562.0,0
23,6.0,00:51:54,93442.0,11,12,A,2,切球,,,1.0,8.0,714.0,572.0,2.0,8.0,532.0,375.0,,,,,8.0,667.0,576.0,8.0,581.0,372.0,0
23,7.0,00:51:55,93464.0,11,12,B,3,推球,,,2.0,8.0,532.0,375.0,2.0,13.0,423.0,662.0,出界,對手出界,A,,8.0,571.0,370.0,8.0,721.0,584.0,0
24,1.0,00:52:13,94000.0,12,12,A,1,發短球,,1.0,2.0,,,,2.0,8.0,680.0,390.0,,,,,8.0,627.0,532.0,8.0,709.0,370.0,0
24,2.0,00:52:14,94023.0,12,12,B,2,推球,,,2.0,8.0,680.0,390.0,1.0,9.0,493.0,642.0,,,,,8.0,713.0,381.0,8.0,633.0,538.0,0
24,3.0,00:52:15,94060.0,12,12,A,2,點扣,1.0,,1.0,9.0,493.0,642.0,2.0,8.0,518.0,367.0,,,,,9.0,506.0,643.0,8.0,636.0,359.0,0
24,4.0,00:52:15,94077.0,12,12,B,2,擋小球,,,2.0,8.0,518.0,367.0,2.0,2.0,438.0,497.0,,,,,8.0,607.0,362.0,9.0,516.0,623.0,0
24,5.0,00:52:16,94105.0,12,12,A,2,放小球,,1.0,2.0,2.0,438.0,497.0,2.0,1.0,471.0,417.0,,,,,6.0,484.0,537.0,8.0,608.0,352.0,0
24,6.0,00:52:17,94132.0,12,12,B,2,放小球,,,2.0,1.0,471.0,417.0,2.0,2.0,455.0,469.0,,,,,8.0,543.0,382.0,8.0,529.0,521.0,0
24,7.0,00:52:18,94157.0,12,12,A,2,挑球,,1.0,2.0,2.0,455.0,469.0,1.0,9.0,691.0,319.0,,,,,7.0,513.0,503.0,8.0,555.0,390.0,0
24,8.0,00:52:20,94219.0,12,12,B,2,點扣,1.0,,1.0,9.0,691.0,319.0,2.0,6.0,483.0,542.0,,,,,9.0,695.0,320.0,8.0,629.0,538.0,0
24,9.0,00:52:21,94234.0,12,12,A,2,擋小球,,1.0,2.0,6.0,483.0,542.0,2.0,1.0,500.0,392.0,,,,,8.0,621.0,552.0,8.0,710.0,329.0,0
24,10.0,00:52:22,94263.0,12,12,B,2,放小球,,,2.0,1.0,500.0,392.0,2.0,2.0,450.0,467.0,,,,,8.0,566.0,378.0,8.0,556.0,528.0,0
24,11.0,00:52:22,94288.0,12,12,A,2,放小球,,1.0,2.0,2.0,450.0,467.0,2.0,1.0,481.0,425.0,,,,,7.0,511.0,495.0,8.0,578.0,373.0,0
24,12.0,00:52:23,94313.0,12,12,B,2,推球,,,2.0,1.0,481.0,425.0,1.0,8.0,778.0,581.0,,,,,7.0,514.0,416.0,8.0,567.0,543.0,0
24,13.0,00:52:24,94341.0,12,12,A,2,殺球,,,1.0,8.0,778.0,581.0,2.0,8.0,615.0,355.0,,,,,8.0,680.0,569.0,8.0,620.0,365.0,0
24,14.0,00:52:25,94351.0,12,12,B,3,擋小球,,1.0,2.0,8.0,615.0,355.0,2.0,7.0,662.0,408.0,未過網,對手未過網,A,,8.0,612.0,352.0,8.0,731.0,518.0,0
25,1.0,00:52:49,95090.0,13,12,A,1,發短球,,1.0,2.0,,,,2.0,7.0,555.0,403.0,,,,,8.0,646.0,535.0,8.0,561.0,367.0,0
25,2.0,00:52:50,95111.0,13,12,B,2,挑球,,1.0,2.0,7.0,555.0,403.0,1.0,9.0,515.0,621.0,,,,,8.0,568.0,382.0,8.0,620.0,513.0,0
25,3.0,00:52:51,95147.0,13,12,A,2,長球,1.0,,1.0,9.0,515.0,621.0,1.0,8.0,717.0,336.0,,,,,9.0,534.0,631.0,8.0,596.0,378.0,0
25,4.0,00:52:52,95177.0,13,12,B,3,點扣,1.0,,1.0,8.0,717.0,336.0,2.0,7.0,621.0,424.0,掛網,對手掛網,A,,8.0,643.0,347.0,8.0,631.0,589.0,0
26,1.0,00:53:09,95686.0,14,12,A,1,發短球,,1.0,2.0,,,,1.0,8.0,720.0,376.0,,,,,8.0,622.0,534.0,8.0,701.0,366.0,0
26,2.0,00:53:10,95707.0,14,12,B,2,放小球,,,1.0,8.0,720.0,376.0,2.0,1.0,792.0,467.0,,,,,8.0,716.0,390.0,8.0,634.0,534.0,0
26,3.0,00:53:10,95728.0,14,12,A,2,挑球,,,2.0,1.0,792.0,467.0,1.0,3.0,516.0,318.0,,,,,7.0,731.0,492.0,8.0,698.0,380.0,0
26,4.0,00:53:12,95769.0,14,12,B,3,殺球,,,1.0,3.0,516.0,318.0,2.0,12.0,354.0,618.0,出界,對手出界,A,,9.0,582.0,311.0,8.0,619.0,541.0,0
27,1.0,00:53:55,97067.0,15,12,A,1,發短球,,1.0,2.0,,,,2.0,8.0,589.0,390.0,,,,,8.0,650.0,533.0,8.0,586.0,357.0,0
27,2.0,00:53:56,97086.0,15,12,B,2,推球,,,2.0,8.0,589.0,390.0,1.0,9.0,799.0,635.0,,,,,8.0,590.0,378.0,8.0,627.0,518.0,0
27,3.0,00:53:57,97120.0,15,12,A,2,點扣,,,1.0,9.0,799.0,635.0,2.0,6.0,810.0,365.0,,,,,9.0,717.0,620.0,8.0,670.0,364.0,0
27,4.0,00:53:58,97141.0,15,12,B,2,防守回抽,,1.0,2.0,6.0,810.0,365.0,1.0,3.0,850.0,630.0,,,,,8.0,709.0,354.0,8.0,717.0,583.0,0
27,5.0,00:53:59,97170.0,15,12,A,2,切球,,,1.0,3.0,850.0,630.0,2.0,6.0,774.0,384.0,,,,,8.0,738.0,598.0,8.0,693.0,344.0,0
27,6.0,00:53:59,97198.0,15,12,B,2,勾球,,1.0,2.0,6.0,774.0,384.0,1.0,7.0,501.0,471.0,,,,,8.0,731.0,367.0,8.0,667.0,553.0,0
27,7.0,00:54:00,97223.0,15,12,A,2,撲球,,1.0,1.0,7.0,501.0,471.0,2.0,8.0,666.0,340.0,,,,,7.0,539.0,494.0,8.0,719.0,346.0,0
27,8.0,00:54:01,97234.0,15,12,B,3,擋小球,,,2.0,8.0,666.0,340.0,2.0,7.0,649.0,434.0,未過網,對手未過網,A,,8.0,699.0,345.0,2.0,501.0,457.0,0
28,1.0,00:54:16,97699.0,16,12,A,1,發短球,,1.0,2.0,,,,2.0,6.0,787.0,388.0,,,,,8.0,618.0,533.0,8.0,711.0,363.0,0
28,2.0,00:54:17,97719.0,16,12,B,2,推球,,1.0,2.0,6.0,787.0,388.0,1.0,8.0,511.0,606.0,,,,,8.0,713.0,388.0,8.0,616.0,531.0,0
28,3.0,00:54:18,97744.0,16,12,A,2,切球,1.0,,1.0,8.0,511.0,606.0,2.0,8.0,734.0,386.0,,,,,8.0,537.0,604.0,8.0,643.0,354.0,0
28,4.0,00:54:18,97768.0,16,12,B,2,放小球,,1.0,2.0,8.0,734.0,386.0,2.0,7.0,664.0,460.0,,,,,8.0,681.0,368.0,8.0,575.0,604.0,0
28,5.0,00:54:20,97800.0,16,12,A,2,放小球,,1.0,2.0,7.0,664.0,460.0,2.0,7.0,703.0,417.0,,,,,7.0,660.0,497.0,7.0,665.0,394.0,0
28,6.0,00:54:20,97820.0,16,12,B,2,挑球,,1.0,2.0,7.0,703.0,417.0,1.0,9.0,627.0,624.0,,,,,7.0,664.0,394.0,7.0,660.0,503.0,0
28,7.0,00:54:22,97877.0,16,12,A,2,殺球,,,1.0,9.0,627.0,624.0,2.0,5.0,501.0,342.0,,,,,9.0,620.0,619.0,8.0,649.0,354.0,0
28,8.0,00:54:23,97906.0,16,12,B,2,防守回抽,,,2.0,5.0,501.0,342.0,1.0,8.0,516.0,559.0,,,,,8.0,603.0,344.0,8.0,565.0,593.0,0
28,9.0,00:54:23,97912.0,16,12,A,2,擋小球,,1.0,1.0,8.0,516.0,559.0,2.0,8.0,626.0,367.0,,,,,8.0,561.0,585.0,8.0,611.0,350.0,0
28,10.0,00:54:24,97930.0,16,12,B,2,擋小球,,,2.0,8.0,626.0,367.0,2.0,2.0,485.0,506.0,,,,,8.0,642.0,366.0,8.0,585.0,550.0,0
28,11.0,00:54:25,97957.0,16,12,A,2,推球,,1.0,2.0,2.0,485.0,506.0,1.0,3.0,493.0,318.0,,,,,8.0,575.0,525.0,8.0,645.0,347.0,0
28,12.0,00:54:26,97987.0,16,12,B,3,切球,,,1.0,3.0,493.0,318.0,2.0,7.0,762.0,436.0,掛網,對手掛網,A,,9.0,564.0,309.0,8.0,577.0,575.0,0
29,1.0,00:54:44,98544.0,17,12,A,1,發短球,,1.0,2.0,,,,2.0,5.0,490.0,378.0,,,,,8.0,659.0,551.0,8.0,577.0,361.0,0
29,2.0,00:54:45,98569.0,17,12,B,2,推球,,,2.0,5.0,490.0,378.0,1.0,4.0,413.0,629.0,,,,,8.0,567.0,378.0,8.0,631.0,536.0,0
29,3.0,00:54:46,98607.0,17,12,A,2,過渡切球,,1.0,1.0,4.0,413.0,629.0,1.0,5.0,451.0,378.0,,,,,8.0,488.0,601.0,8.0,592.0,358.0,0
29,4.0,00:54:47,98627.0,17,12,B,3,平球,,,1.0,5.0,451.0,378.0,2.0,12.0,305.0,650.0,出界,對手出界,A,,8.0,523.0,382.0,8.0,572.0,579.0,0
30,1.0,00:55:03,99110.0,17,13,A,1,發短球,,1.0,2.0,,,,1.0,7.0,717.0,392.0,,,,,8.0,623.0,533.0,8.0,708.0,372.0,0
30,2.0,00:55:04,99131.0,17,13,B,2,放小球,,,1.0,7.0,717.0,392.0,2.0,1.0,786.0,465.0,,,,,8.0,715.0,390.0,8.0,635.0,528.0,0
30,3.0,00:55:05,99153.0,17,13,A,2,放小球,,,2.0,1.0,786.0,465.0,1.0,2.0,810.0,420.0,,,,,7.0,712.0,487.0,8.0,695.0,383.0,0
30,4.0,00:55:05,99169.0,17,13,B,3,撲球,,1.0,1.0,2.0,810.0,420.0,2.0,2.0,839.0,436.0,對手落地致勝,落地致勝,B,,7.0,735.0,400.0,7.0,725.0,476.0,0
31,1.0,00:55:18,99562.0,18,13,B,1,發短球,,1.0,2.0,,,,2.0,7.0,571.0,507.0,,,,,8.0,659.0,366.0,8.0,536.0,512.0,0
31,2.0,00:55:19,99580.0,18,13,A,2,放小球,,,2.0,7.0,571.0,507.0,2.0,7.0,574.0,408.0,,,,,8.0,553.0,511.0,8.0,663.0,351.0,0
31,3.0,00:55:20,99606.0,18,13,B,3,挑球,,,2.0,7.0,574.0,408.0,2.0,14.0,987.0,623.0,出界,對手出界,A,,7.0,613.0,397.0,7.0,581.0,504.0,0
32,1.0,00:55:36,100088.0,19,13,A,1,發短球,,1.0,2.0,,,,2.0,8.0,588.0,389.0,,,,,8.0,661.0,535.0,8.0,583.0,371.0,0
32,2.0,00:55:37,100110.0,19,13,B,2,放小球,,1.0,2.0,8.0,588.0,389.0,2.0,2.0,450.0,468.0,,,,,8.0,585.0,384.0,8.0,624.0,541.0,0
32,3.0,00:55:37,100132.0,19,13,A,2,挑球,,1.0,2.0,2.0,450.0,468.0,1.0,9.0,684.0,321.0,,,,,7.0,520.0,496.0,8.0,587.0,381.0,0
32,4.0,00:55:39,100191.0,19,13,B,3,殺球,1.0,,1.0,9.0,684.0,321.0,2.0,11.0,343.0,598.0,出界,對手出界,A,,9.0,679.0,319.0,8.0,666.0,560.0,0
33,1.0,00:56:04,100929.0,20,13,A,1,未知球種,,,2.0,,,,,,,,,,,1.0,,,,,,,0
33,2.0,00:56:04,100929.0,20,13,B,2,未知球種,,,2.0,,,,2.0,,,,,,,1.0,,,,,,,0
33,3.0,00:56:06,101007.0,20,13,A,2,挑球,,,2.0,,,,1.0,4.0,770.0,324.0,,,,,7.0,676.0,482.0,7.0,673.0,408.0,0
33,4.0,00:56:08,101049.0,20,13,B,2,點扣,1.0,,1.0,4.0,770.0,324.0,2.0,6.0,387.0,560.0,,,,,8.0,689.0,336.0,8.0,688.0,536.0,0
33,5.0,00:56:08,101068.0,20,13,A,2,擋小球,,1.0,2.0,6.0,387.0,560.0,2.0,7.0,541.0,403.0,,,,,8.0,600.0,571.0,8.0,708.0,335.0,0
33,6.0,00:56:10,101101.0,20,13,B,3,放小球,,,2.0,7.0,541.0,403.0,2.0,7.0,552.0,425.0,未過網,對手未過網,A,,7.0,539.0,400.0,6.0,486.0,552.0,0
34,1.0,00:56:40,102024.0,21,13,A,1,發短球,,1.0,2.0,,,,2.0,8.0,568.0,387.0,,,,,8.0,654.0,533.0,8.0,561.0,367.0,0
34,2.0,00:56:41,102051.0,21,13,B,2,推球,,1.0,2.0,8.0,568.0,387.0,1.0,3.0,815.0,627.0,,,,,8.0,580.0,380.0,8.0,627.0,531.0,0
34,3.0,00:56:42,102082.0,21,13,A,2,後場抽平球,,,1.0,3.0,815.0,627.0,1.0,8.0,529.0,353.0,,,,,8.0,691.0,610.0,8.0,676.0,370.0,0
34,4.0,00:56:43,102102.0,21,13,B,3,擋小球,,,1.0,8.0,529.0,353.0,2.0,15.0,421.0,330.0,未過網,對手未過網,A,,8.0,660.0,362.0,8.0,612.0,582.0,0
